Date,Close,High,Low,Open,Volume,Stock
2024-02-12,186.27044677734375,187.78330749959082,185.91213805857674,187.53448242231033,41781900,aapl
2024-02-13,184.17037963867188,185.3348944732297,182.64757123911642,184.89695986657188,56529500,aapl
2024-02-14,183.28456115722656,184.65808055839094,181.5826059912504,184.44907598078342,54630500,aapl
2024-02-15,182.99594116210938,183.62298530484992,180.49774250244775,182.6874004528496,65434500,aapl
2024-02-16,181.4532012939453,183.98127264473297,180.816209688257,182.5579852711476,49701400,aapl
2024-02-20,180.70672607421875,181.5726325042779,179.15405998428736,180.93564089848354,53665600,aapl
2024-02-21,181.46316528320312,182.03047857973698,179.8109630738625,181.08494629412857,41529700,aapl
2024-02-22,183.50350952148438,184.09074823448796,181.60249751065342,182.61769287128237,52292200,aapl
2024-02-23,181.6622314453125,184.1703774935557,181.37358582743232,184.14051969682032,45119700,aapl
2024-02-26,180.30862426757812,181.90109579673225,179.80101134340092,181.38355052297356,40867400,aapl
2024-02-27,181.77171325683594,183.05564406470424,178.71613380047907,180.24890489042258,54318900,aapl
2024-02-28,180.56739807128906,182.25940572629614,179.28346722817705,181.65227187035535,48953900,aapl
2024-02-29,179.90054321289062,181.71199718953457,178.6862755375109,180.41810366151438,136682600,aapl
2024-03-01,178.815673828125,179.6815803178056,176.54639012704013,178.7061901764464,73488000,aapl
2024-03-04,174.27708435058594,176.0686126971914,172.97322823226915,175.32213749041347,81510100,aapl
2024-03-05,169.3205108642578,171.23148594158673,168.8228606299405,169.95750255670077,95132400,aapl
2024-03-06,168.32518005371094,170.43522699407845,167.88724549652,170.256065044738,68587700,aapl
2024-03-07,168.2057647705078,169.92763018116116,167.6981670423948,168.35505375316498,71765100,aapl
2024-03-08,169.92764282226562,172.88368639540985,168.1460616860156,168.20577728352077,76114600,aapl
2024-03-11,171.93814086914062,173.56048535052068,171.2414336396481,172.12725037151972,60139500,aapl
2024-03-12,172.41586303710938,173.2121062975323,170.20629520329734,172.3362371923594,59825400,aapl
2024-03-13,170.3257598876953,172.37607625258147,169.95748841772314,171.9580519129805,52488700,aapl
2024-03-14,172.18695068359375,173.49079163745046,171.24141844268888,172.0973773021251,72913500,aapl
2024-03-15,171.80874633789062,171.80874633789062,169.48969463541124,170.3655638276482,121664700,aapl
2024-03-18,172.90357971191406,176.87483361469177,172.70452267737835,174.7448914522954,75604200,aapl
2024-03-19,175.25250244140625,175.78001045706262,172.21683307682196,173.52067421691896,55215200,aapl
2024-03-20,177.83030700683594,177.83030700683594,174.2671300256647,174.89417408943874,53423100,aapl
2024-03-21,170.5646209716797,176.65586961417029,170.03711298613993,176.2179350177799,106181300,aapl
2024-03-22,171.4703369140625,172.23672240837217,169.26076900158964,170.95277649830084,71106600,aapl
2024-03-25,170.0470733642578,171.13194711675717,168.65364374159117,169.76839047714014,54288300,aapl
2024-03-26,168.9124298095703,170.61438491064948,168.78303590364706,169.20106023000122,57388400,aapl
2024-03-27,172.49549865722656,172.78414425918754,169.31054062211945,169.609133760084,60273300,aapl
2024-03-28,170.67410278320312,171.4205780589011,169.70866021166748,170.94283813483634,65672700,aapl
2024-03-28,AAPL,AAPL,AAPL,AAPL,AAPL,aapl
,AMZN,AMZN,AMZN,AMZN,AMZN,amzn
,197.92999267578125,200.5,197.02000427246094,199.0,99687800,amzn
,195.77999877929688,197.3300018310547,194.30999755859375,196.4499969482422,38492100,amzn
,199.5,199.82000732421875,195.99000549316406,196.0399932861328,30564800,amzn
,207.08999633789062,207.5500030517578,199.13999938964844,200.00999450683594,72292200,amzn
,210.0500030517578,212.25,207.19000244140625,207.44000244140625,52878400,amzn
,208.17999267578125,209.9600067138672,207.44000244140625,209.72000122070312,36075800,amzn
,206.83999633789062,209.64999389648438,205.58999633789062,208.5,35456000,amzn
,208.91000366210938,209.5399932861328,206.00999450683594,208.3699951171875,38942900,amzn
,214.10000610351562,215.08999633789062,209.13999938964844,209.39999389648438,46212900,amzn
,211.47999572753906,215.89999389648438,210.8800048828125,214.16000366210938,42620300,amzn
,202.61000061035156,207.33999633789062,199.61000061035156,206.75999450683594,86591100,amzn
,201.6999969482422,204.6699981689453,200.9499969482422,204.14999389648438,36512500,amzn
,204.61000061035156,205.3000030517578,198.77999877929688,199.3300018310547,31197900,amzn
,202.8800048828125,203.1300048828125,199.4499969482422,202.97999572753906,32769000,amzn
,198.3800048828125,203.49000549316406,195.75,203.49000549316406,58800000,amzn
,197.1199951171875,199.25999450683594,196.75,198.25,31530800,amzn
,201.4499969482422,201.9499969482422,199.0,199.27999877929688,40685700,amzn
,207.86000061035156,208.0,201.7899932861328,201.89999389648438,41673700,amzn
,205.74000549316406,207.63999938964844,205.0500030517578,206.97999572753906,28061600,amzn
,207.88999938964844,208.1999969482422,204.58999633789062,205.8300018310547,24892400,amzn
,210.7100067138672,212.99000549316406,209.50999450683594,209.9600067138672,39523200,amzn
,213.44000244140625,214.02000427246094,209.64999389648438,210.30999755859375,32214800,amzn
,218.16000366210938,220.0,215.75,215.9600067138672,48745700,amzn
,220.5500030517578,222.14999389648438,217.3000030517578,218.02999877929688,41140200,amzn
,227.02999877929688,227.14999389648438,220.60000610351562,220.75,44178100,amzn
,226.08999633789062,230.0800018310547,225.6699981689453,227.2100067138672,46819400,amzn
,225.0399932861328,229.05999755859375,224.1999969482422,226.08999633789062,31199900,amzn
,230.25999450683594,231.1999969482422,226.25999450683594,226.41000366210938,35385800,amzn
,228.97000122070312,231.08999633789062,227.6300048828125,229.8300018310547,28204100,amzn
,227.4600067138672,230.1999969482422,225.86000061035156,228.39999389648438,28768100,amzn
,232.92999267578125,233.0,228.00999450683594,230.22999572753906,37552100,amzn
,231.14999389648438,232.72999572753906,227.85000610351562,232.38999938964844,35948100,amzn
,220.52000427246094,231.39999389648438,220.11000061035156,230.77000427246094,43281400,amzn
,223.2899932861328,226.08999633789062,222.9199981689453,224.91000366210938,39918700,amzn
,224.9199981689453,226.2100067138672,218.72999572753906,219.83999633789062,88279200,amzn
,225.05999755859375,226.8800048828125,223.89999389648438,225.00999450683594,28070000,amzn
,229.0500030517578,229.13999938964844,226.1300048828125,226.94000244140625,15007500,amzn
,227.0500030517578,228.5,226.6699981689453,228.5,16146700,amzn
,223.75,226.02999877929688,220.89999389648438,225.60000610351562,27367100,amzn
,221.3000030517578,223.0,218.42999267578125,220.05999755859375,28321200,amzn
,219.38999938964844,223.22999572753906,218.94000244140625,222.97000122070312,24819700,amzn
,220.22000122070312,225.14999389648438,218.19000244140625,222.02999877929688,33956600,amzn
,224.19000244140625,225.36000061035156,221.6199951171875,222.50999450683594,27515600,amzn
,227.61000061035156,228.83999633789062,224.83999633789062,226.77999877929688,31849800,amzn
,222.11000061035156,228.3800048828125,221.4600067138672,227.89999389648438,28084200,amzn
,222.1300048828125,223.52000427246094,220.1999969482422,223.19000244140625,25033300,amzn
,218.94000244140625,221.7100067138672,216.5,221.4600067138672,36811500,amzn
,218.4600067138672,219.39999389648438,216.47000122070312,218.05999755859375,27262700,amzn
,217.75999450683594,221.82000732421875,216.1999969482422,220.44000244140625,24711700,amzn
,223.35000610351562,223.57000732421875,220.75,222.8300018310547,31291300,amzn
,220.66000366210938,224.64999389648438,220.30999755859375,224.4199981689453,24757300,amzn
,225.94000244140625,226.50999450683594,223.0800018310547,225.83999633789062,42370100,amzn
,230.7100067138672,231.77999877929688,226.94000244140625,228.89999389648438,39951500,amzn
,235.00999450683594,235.44000244140625,231.19000244140625,232.02000427246094,41448200,amzn
,235.4199981689453,235.52000427246094,231.50999450683594,234.10000610351562,26404400,amzn
,234.85000610351562,236.39999389648438,232.92999267578125,234.5,25890700,amzn
,235.4199981689453,235.61000061035156,225.86000061035156,226.2100067138672,49428300,amzn
,238.14999389648438,241.77000427246094,233.97999572753906,234.2899932861328,41587200,amzn
,237.07000732421875,240.38999938964844,236.14999389648438,239.02000427246094,26091700,amzn
,234.63999938964844,237.9499969482422,232.22000122070312,237.13999938964844,32020700,amzn
,237.67999267578125,240.2899932861328,236.41000366210938,236.5,36162400,amzn
,237.4199981689453,239.25,232.89999389648438,234.05999755859375,37285900,amzn
,242.05999755859375,242.52000427246094,238.02999877929688,239.00999450683594,29713800,amzn
,236.1699981689453,238.32000732421875,235.1999969482422,237.02000427246094,38727300,amzn
,238.8300018310547,239.66000366210938,236.00999450683594,238.00999450683594,60897100,amzn
,229.14999389648438,234.80999755859375,228.05999755859375,232.5,77539300,amzn
,233.13999938964844,233.9199981689453,229.1999969482422,230.5500030517578,35419900,amzn
,232.75999450683594,233.44000244140625,230.1300048828125,231.9199981689453,23713700,amzn
,228.92999267578125,231.17999267578125,228.16000366210938,230.4600067138672,32285200,amzn
,230.3699951171875,230.4199981689453,227.52000427246094,228.85000610351562,31346500,amzn
,228.67999267578125,229.88999938964844,227.22999572753906,229.1999969482422,27031100,amzn
,226.64999389648438,229.3000030517578,223.72000122070312,228.82000732421875,42975100,amzn
,226.6300048828125,226.8300018310547,223.7100067138672,225.52000427246094,28566700,amzn
,222.8800048828125,225.1300048828125,221.80999755859375,224.77999877929688,30001700,amzn
,216.5800018310547,223.30999755859375,214.74000549316406,223.27999877929688,55323900,amzn
,212.7100067138672,217.72000122070312,212.4199981689453,217.4499969482422,42387600,amzn
,212.8000030517578,213.33999633789062,204.16000366210938,211.6300048828125,58958000,amzn
,214.35000610351562,218.16000366210938,213.08999633789062,214.94000244140625,39120600,amzn
,208.74000549316406,219.97000122070312,208.3699951171875,218.35000610351562,40548600,amzn
,212.27999877929688,212.6199951171875,206.99000549316406,208.64999389648438,51771700,amzn
,205.02000427246094,214.00999450683594,202.5500030517578,213.35000610351562,42948400,amzn
,203.8000030517578,206.8000030517578,197.42999267578125,200.11000061035156,60853100,amzn
,208.36000061035156,209.97999572753906,203.25999450683594,204.8000030517578,38610100,amzn
,200.6999969482422,205.77000427246094,198.3000030517578,204.39999389648438,49863800,amzn
,199.25,202.27000427246094,192.52999877929688,199.49000549316406,59802800,amzn
,194.5399932861328,196.72999572753906,190.85000610351562,195.60000610351562,62350900,amzn
,196.58999633789062,200.17999267578125,193.39999389648438,193.89999389648438,54002900,amzn
,198.88999938964844,201.52000427246094,195.2899932861328,200.72000122070312,43679300,amzn
,193.88999938964844,198.8800048828125,191.82000732421875,198.1699981689453,41270800,amzn
,197.9499969482422,198.64999389648438,195.32000732421875,197.41000366210938,38096700,amzn
,195.74000549316406,199.0,194.32000732421875,198.77000427246094,47341800,amzn
,192.82000732421875,194.0,189.3800048828125,192.52000427246094,40414900,amzn
,195.5399932861328,195.97000122070312,191.9600067138672,193.3800048828125,39442900,amzn
,194.9499969482422,199.32000732421875,192.3000030517578,193.07000732421875,38921100,amzn
,196.2100067138672,196.99000549316406,192.52000427246094,192.89999389648438,60056900,amzn
,203.25999450683594,203.63999938964844,199.9499969482422,200.0,41625400,amzn
,205.7100067138672,206.2100067138672,203.22000122070312,203.60000610351562,31171200,amzn
,201.1300048828125,206.00999450683594,199.92999267578125,205.83999633789062,32855300,amzn
,201.36000061035156,203.7899932861328,199.27999877929688,200.88999938964844,27317700,amzn
,192.72000122070312,199.25999450683594,191.8800048828125,198.4199981689453,52548200,amzn
,190.25999450683594,191.3300018310547,184.39999389648438,188.19000244140625,63547600,amzn
,BTC,BTC,BTC,BTC,BTC,btc
,30.700000762939453,31.760000228881836,30.459999084472656,31.149999618530273,2446040,btc
,29.850000381469727,30.5,29.774999618530273,30.399999618530273,2319060,btc
,30.799999237060547,31.280000686645508,30.475000381469727,30.75,2077900,btc
,33.79999923706055,33.95000076293945,32.599998474121094,32.95000076293945,2762900,btc
,34.0,34.150001525878906,33.04999923706055,33.25,2689420,btc
,34.0,34.349998474121094,33.54999923706055,33.849998474121094,2605240,btc
,38.650001525878906,38.849998474121094,36.20000076293945,36.349998474121094,6037200,btc
,39.79999923706055,39.95000076293945,37.79999923706055,38.20000076293945,6230920,btc
,39.849998474121094,41.5,39.599998474121094,39.95000076293945,5549940,btc
,38.849998474121094,40.75,38.75,40.54999923706055,4882080,btc
,40.599998474121094,40.650001525878906,38.900001525878906,39.650001525878906,4386120,btc
,40.650001525878906,41.099998474121094,39.775001525878906,40.150001525878906,3808420,btc
,41.099998474121094,41.75,40.45000076293945,40.650001525878906,3631860,btc
,41.84000015258789,42.13999938964844,41.369998931884766,41.970001220703125,1355100,btc
,43.599998474121094,43.97999954223633,42.400001525878906,43.20000076293945,2695900,btc
,44.04999923706055,44.290000915527344,43.119998931884766,43.34000015258789,2335300,btc
,42.15999984741211,43.220001220703125,41.840999603271484,43.16999816894531,2153200,btc
,40.31999969482422,42.029998779296875,40.20000076293945,40.869998931884766,1696900,btc
,42.93000030517578,43.220001220703125,41.79999923706055,41.93000030517578,1417600,btc
,43.09000015258789,43.900001525878906,43.060001373291016,43.220001220703125,927600,btc
,42.459999084472656,43.25,41.869998931884766,42.560001373291016,1129300,btc
,42.41999816894531,42.75,41.50899887084961,41.790000915527344,662300,btc
,43.939998626708984,44.04999923706055,41.95000076293945,42.540000915527344,1004900,btc
,43.939998626708984,46.04999923706055,43.415000915527344,45.619998931884766,2164400,btc
,45.099998474121094,45.33000183105469,43.77000045776367,44.099998474121094,1523100,btc
,42.630001068115234,44.56999969482422,42.599998474121094,43.959999084472656,1337900,btc
,42.75,43.619998931884766,41.79999923706055,43.4900016784668,1019500,btc
,44.939998626708984,45.150001525878906,43.68000030517578,43.779998779296875,1712000,btc
,44.34000015258789,45.5,44.005001068115234,45.0,1274700,btc
,45.11000061035156,45.249000549316406,44.22999954223633,44.560001373291016,995000,btc
,46.939998626708984,47.86000061035156,46.25,46.279998779296875,2031300,btc
,47.29999923706055,48.06999969482422,46.869998931884766,47.790000915527344,2938700,btc
,44.599998474121094,46.540000915527344,44.290000915527344,46.400001525878906,4051900,btc
,42.66999816894531,45.569000244140625,42.310001373291016,45.369998931884766,2187800,btc
,42.709999084472656,43.349998474121094,42.029998779296875,42.18000030517578,1428900,btc
,41.209999084472656,42.349998474121094,40.91999816894531,42.279998779296875,1937000,btc
,43.849998474121094,43.93000030517578,42.77000045776367,42.90999984741211,972300,btc
,42.33000183105469,42.810001373291016,42.150001525878906,42.43000030517578,1009000,btc
,41.81999969482422,42.70000076293945,41.310001373291016,42.68000030517578,1393400,btc
,41.75,42.04999923706055,40.43000030517578,41.15999984741211,1169900,btc
,41.869998931884766,42.63999938964844,41.27000045776367,42.45000076293945,1141700,btc
,43.15999984741211,43.38999938964844,42.54999923706055,42.7400016784668,1558700,btc
,43.599998474121094,43.93000030517578,42.849998474121094,43.06999969482422,1012700,btc
,45.34000015258789,45.5099983215332,43.81999969482422,43.900001525878906,2727800,btc
,42.7400016784668,44.70000076293945,42.560001373291016,44.66999816894531,2328700,btc
,41.61000061035156,42.54999923706055,40.933998107910156,42.279998779296875,1382800,btc
,41.9900016784668,42.4900016784668,40.869998931884766,41.849998474121094,1430600,btc
,41.4900016784668,41.560001373291016,39.52000045776367,40.279998779296875,1313300,btc
,42.77000045776367,43.11000061035156,42.22700119018555,42.90999984741211,784200,btc
,44.150001525878906,44.66999816894531,43.720001220703125,43.7599983215332,1218500,btc
,44.5099983215332,44.6349983215332,43.119998931884766,44.06999969482422,1053100,btc
,46.43000030517578,47.03900146484375,45.400001525878906,45.59000015258789,1593100,btc
,47.08000183105469,47.58000183105469,45.54199981689453,46.63999938964844,1616700,btc
,46.2599983215332,46.61000061035156,45.779998779296875,46.38999938964844,1286700,btc
,45.810001373291016,47.38999938964844,45.34000015258789,45.400001525878906,2903800,btc
,46.5099983215332,47.560001373291016,46.41999816894531,46.709999084472656,1109300,btc
,44.91999816894531,45.34000015258789,43.7599983215332,44.65999984741211,1749700,btc
,44.869998931884766,45.9900016784668,44.83000183105469,45.470001220703125,752700,btc
,46.22999954223633,46.4900016784668,44.91999816894531,45.290000915527344,909400,btc
,46.540000915527344,47.22999954223633,46.430999755859375,46.52000045776367,729600,btc
,45.0099983215332,47.029998779296875,44.959999084472656,46.439998626708984,1285600,btc
,44.86000061035156,45.279998779296875,41.861000061035156,42.0,2449200,btc
,43.77000045776367,44.724998474121094,43.45000076293945,44.029998779296875,1358600,btc
,43.13999938964844,43.970001220703125,42.77299880981445,43.77000045776367,789300,btc
,42.959999084472656,43.869998931884766,42.40999984741211,43.59000015258789,862800,btc
,42.41999816894531,44.439998626708984,42.380001068115234,44.209999084472656,988300,btc
,43.18000030517578,43.444000244140625,42.93000030517578,43.290000915527344,577600,btc
,42.22999954223633,43.13999938964844,42.02000045776367,42.939998626708984,841200,btc
,42.9900016784668,43.290000915527344,41.880001068115234,41.97999954223633,991400,btc
,42.65999984741211,42.75,42.20000076293945,42.529998779296875,502100,btc
,43.11000061035156,43.88999938964844,42.68000030517578,42.84000015258789,782100,btc
,41.720001220703125,42.84000015258789,41.34000015258789,42.779998779296875,1095700,btc
,42.630001068115234,42.84000015258789,42.2599983215332,42.709999084472656,617900,btc
,43.65999984741211,43.779998779296875,42.900001525878906,43.34000015258789,652700,btc
,42.02000045776367,44.04999923706055,41.95000076293945,43.939998626708984,1045200,btc
,41.63999938964844,42.439998626708984,41.4900016784668,42.279998779296875,1240100,btc
,39.040000915527344,39.5,37.970001220703125,39.470001220703125,2398500,btc
,37.31999969482422,39.130001068115234,36.380001068115234,38.0099983215332,2965300,btc
,36.93000030517578,38.2599983215332,36.560001373291016,38.220001220703125,1127600,btc
,37.33000183105469,37.7400016784668,35.90999984741211,36.25,1687200,btc
,38.099998474121094,41.33000183105469,37.72100067138672,41.310001373291016,1587500,btc
,38.5,39.36000061035156,36.119998931884766,36.654998779296875,1969000,btc
,40.08000183105469,40.130001068115234,38.810001373291016,39.790000915527344,945400,btc
,39.459999084472656,40.5369987487793,38.900001525878906,39.849998474121094,853600,btc
,38.540000915527344,40.37799835205078,38.34000015258789,39.5,747900,btc
,34.9900016784668,36.72999954223633,34.279998779296875,36.650001525878906,1961100,btc
,36.81999969482422,37.04999923706055,35.0,36.09000015258789,810900,btc
,36.75,37.119998931884766,35.70000076293945,36.93000030517578,642500,btc
,35.5,36.81999969482422,35.380001068115234,36.7400016784668,805800,btc
,37.540000915527344,37.83000183105469,36.630001068115234,36.93000030517578,1004900,btc
,37.45000076293945,37.564998626708984,36.540000915527344,36.75,854000,btc
,36.43000030517578,36.54999923706055,35.93000030517578,36.5099983215332,820500,btc
,37.88999938964844,38.12900161743164,37.04999923706055,37.20000076293945,1009200,btc
,37.310001373291016,38.349998474121094,37.040000915527344,37.720001220703125,608000,btc
,37.189998626708984,37.400001525878906,36.83000183105469,37.060001373291016,528700,btc
,39.130001068115234,39.34000015258789,38.650001525878906,38.70000076293945,754900,btc
,39.08000183105469,39.150001525878906,38.58100128173828,38.88999938964844,600900,btc
,38.349998474121094,38.98500061035156,38.03900146484375,38.79999923706055,657800,btc
,38.560001373291016,38.79999923706055,38.03499984741211,38.2599983215332,662100,btc
,37.06999969482422,37.90999984741211,36.9900016784668,37.810001373291016,640100,btc
,36.4900016784668,37.16999816894531,36.1510009765625,36.54999923706055,751400,btc
,ETH,ETH,ETH,ETH,ETH,eth
,23.700000762939453,24.399999618530273,23.399999618530273,23.799999237060547,2507150,eth
,22.799999237060547,23.200000762939453,22.600000381469727,23.200000762939453,1679530,eth
,22.799999237060547,23.399999618530273,22.600000381469727,23.100000381469727,1433150,eth
,25.5,25.5,24.600000381469727,24.799999237060547,2207030,eth
,27.399999618530273,27.5,26.200000762939453,26.5,3436590,eth
,27.700000762939453,28.200000762939453,27.299999237060547,27.899999618530273,2855850,eth
,31.700000762939453,31.899999618530273,29.700000762939453,29.899999618530273,6696970,eth
,31.100000381469727,31.200000762939453,30.299999237060547,30.700000762939453,4575800,eth
,29.899999618530273,31.5,29.5,30.600000381469727,6086110,eth
,29.200000762939453,30.200000762939453,28.799999237060547,30.100000381469727,3167280,eth
,29.100000381469727,29.200000762939453,28.399999618530273,28.899999618530273,4562130,eth
,29.799999237060547,30.200000762939453,28.899999618530273,29.299999237060547,3437080,eth
,29.200000762939453,29.700000762939453,29.100000381469727,29.299999237060547,2083480,eth
,28.93000030517578,29.600000381469727,28.59000015258789,29.510000228881836,1730800,eth
,31.639999389648438,31.99799919128418,30.610000610351562,31.65999984741211,7464300,eth
,31.049999237060547,31.420000076293945,30.804000854492188,31.059999465942383,2020500,eth
,33.06999969482422,33.459999084472656,31.559999465942383,32.959999084472656,1973800,eth
,31.290000915527344,31.71500015258789,30.700000762939453,31.309999465942383,1128400,eth
,34.279998779296875,34.34000015258789,32.849998474121094,32.90999984741211,2030300,eth
,33.84000015258789,34.459999084472656,33.779998779296875,34.0,805100,eth
,34.119998931884766,34.77000045776367,33.525001525878906,34.27000045776367,1441300,eth
,34.060001373291016,34.06999969482422,33.0099983215332,33.5,1308500,eth
,36.70000076293945,36.779998779296875,35.02000045776367,35.08000183105469,2103500,eth
,36.099998474121094,37.40999984741211,35.689998626708984,37.02000045776367,2364900,eth
,38.2599983215332,38.66999816894531,36.849998474121094,37.0099983215332,2170600,eth
,35.29999923706055,37.233001708984375,35.11000061035156,36.63999938964844,2675600,eth
,34.43000030517578,35.220001220703125,33.18000030517578,35.099998474121094,2466700,eth
,36.189998626708984,36.26900100708008,35.099998474121094,35.15999984741211,1330400,eth
,36.66999816894531,37.63999938964844,36.36000061035156,37.5,1117600,eth
,36.97999954223633,37.459999084472656,36.59000015258789,37.06999969482422,1030200,eth
,38.16999816894531,38.775001525878906,36.869998931884766,36.88999938964844,4356100,eth
,37.09000015258789,37.97999954223633,36.91999816894531,37.849998474121094,4141400,eth
,34.790000915527344,36.84000015258789,34.22999954223633,36.45000076293945,5783300,eth
,31.829999923706055,34.900001525878906,31.360000610351562,34.7400016784668,10859600,eth
,32.41999816894531,32.95000076293945,31.1299991607666,31.329999923706055,4444800,eth
,32.04999923706055,32.150001525878906,30.770000457763672,31.579999923706055,2773800,eth
,33.040000915527344,33.16999816894531,32.369998931884766,32.47999954223633,1799800,eth
,31.3700008392334,31.709999084472656,31.165000915527344,31.68000030517578,3023600,eth
,31.420000076293945,31.93000030517578,31.110000610351562,31.93000030517578,2009100,eth
,32.0099983215332,32.20000076293945,31.059999465942383,31.510000228881836,2167000,eth
,31.489999771118164,32.52000045776367,31.360000610351562,32.349998474121094,1454900,eth
,32.560001373291016,33.0099983215332,32.290000915527344,32.61000061035156,1306200,eth
,33.970001220703125,34.22999954223633,33.06999969482422,33.119998931884766,2177200,eth
,34.75,35.32500076293945,34.22999954223633,34.27000045776367,2803700,eth
,31.950000762939453,34.33000183105469,31.639999389648438,34.27000045776367,6169000,eth
,30.93000030517578,31.889999389648438,30.190000534057617,31.6299991607666,2579600,eth
,30.739999771118164,31.329999923706055,30.100000381469727,30.81999969482422,2579400,eth
,29.149999618530273,29.229999542236328,27.450000762939453,28.670000076293945,1776100,eth
,30.3700008392334,30.5,29.8799991607666,30.280000686645508,600000,eth
,32.380001068115234,32.7599983215332,30.899999618530273,30.979999542236328,1263100,eth
,31.450000762939453,31.719999313354492,30.760000228881836,31.520000457763672,1650300,eth
,33.189998626708984,33.279998779296875,32.099998474121094,32.29999923706055,1075900,eth
,31.229999542236328,31.75,30.770000457763672,31.40999984741211,1561900,eth
,30.700000762939453,31.219999313354492,30.510000228881836,31.15999984741211,1018400,eth
,30.6200008392334,31.08300018310547,30.110000610351562,30.489999771118164,2762500,eth
,31.399999618530273,32.279998779296875,31.3700008392334,32.060001373291016,1350600,eth
,29.649999618530273,29.709999084472656,28.690000534057617,29.260000228881836,2135600,eth
,29.149999618530273,30.270000457763672,29.139999389648438,29.8700008392334,668800,eth
,29.59000015258789,29.989999771118164,28.799999237060547,29.350000381469727,1106600,eth
,30.489999771118164,30.969999313354492,30.440000534057617,30.670000076293945,779400,eth
,31.260000228881836,32.43000030517578,30.96500015258789,31.719999313354492,1159500,eth
,25.540000915527344,26.170000076293945,24.059999465942383,24.18000030517578,5449400,eth
,25.770000457763672,27.05900001525879,25.670000076293945,26.40999984741211,3720100,eth
,26.059999465942383,26.579999923706055,25.575000762939453,26.579999923706055,1384800,eth
,25.649999618530273,26.18000030517578,25.209999084472656,26.079999923706055,1355400,eth
,24.389999389648438,26.3700008392334,24.299999237060547,26.309999465942383,1937200,eth
,25.299999237060547,25.3799991607666,24.8799991607666,25.040000915527344,812400,eth
,24.489999771118164,25.19300079345703,24.33099937438965,25.040000915527344,972400,eth
,25.260000228881836,25.399999618530273,24.0,24.219999313354492,1168500,eth
,25.020000457763672,25.1299991607666,24.6299991607666,24.93000030517578,1140000,eth
,25.739999771118164,26.31999969482422,25.365999221801758,25.440000534057617,1150100,eth
,24.790000915527344,25.649999618530273,24.549999237060547,25.6200008392334,1439200,eth
,25.65999984741211,25.729999542236328,25.22100067138672,25.6299991607666,553300,eth
,25.920000076293945,26.100000381469727,25.510000228881836,26.040000915527344,853000,eth
,24.780000686645508,26.700000762939453,24.700000762939453,26.600000381469727,2161400,eth
,24.889999389648438,25.329999923706055,24.700000762939453,25.170000076293945,793100,eth
,23.459999084472656,23.649999618530273,22.209999084472656,22.719999313354492,3008600,eth
,22.0,23.139999389648438,21.225000381469727,22.420000076293945,2047000,eth
,21.209999084472656,22.16900062561035,21.09000015258789,22.079999923706055,1003700,eth
,20.920000076293945,21.239999771118164,20.149999618530273,20.3799991607666,1734700,eth
,20.030000686645508,22.334999084472656,19.760000228881836,22.260000228881836,2542000,eth
,20.15999984741211,20.670000076293945,18.790000915527344,19.459999084472656,2376400,eth
,21.020000457763672,21.084999084472656,20.3700008392334,20.739999771118164,999700,eth
,20.75,21.440000534057617,20.510000228881836,21.219999313354492,1071600,eth
,20.309999465942383,21.260000228881836,20.15999984741211,20.59000015258789,2171900,eth
,17.600000381469727,19.940000534057617,17.051000595092773,19.920000076293945,2570300,eth
,18.360000610351562,18.479999542236328,17.34000015258789,18.079999923706055,1974600,eth
,17.68000030517578,18.010000228881836,17.229999542236328,17.950000762939453,2012400,eth
,17.399999618530273,17.899999618530273,17.139999389648438,17.899999618530273,1787000,eth
,18.209999084472656,18.325000762939453,17.729999542236328,17.889999389648438,1149700,eth
,18.299999237060547,18.389999389648438,17.78499984741211,17.8700008392334,909900,eth
,17.93000030517578,17.959999084472656,17.625,17.8799991607666,2032800,eth
,19.149999618530273,19.420000076293945,18.829999923706055,18.920000076293945,2363100,eth
,18.579999923706055,18.93000030517578,18.3799991607666,18.729999542236328,1320500,eth
,18.59000015258789,18.6299991607666,18.235000610351562,18.329999923706055,623300,eth
,19.690000534057617,19.809999465942383,19.489999771118164,19.549999237060547,1252300,eth
,19.559999465942383,19.6299991607666,19.344999313354492,19.540000915527344,826200,eth
,18.829999923706055,19.3700008392334,18.65999984741211,19.360000610351562,1667300,eth
,18.8799991607666,19.084999084472656,18.719999313354492,18.93000030517578,512500,eth
,17.639999389648438,17.900999069213867,17.540000915527344,17.8700008392334,1207700,eth
,17.219999313354492,17.459999084472656,16.93000030517578,17.190000534057617,1296400,eth
,GOOGL,GOOGL,GOOGL,GOOGL,GOOGL,googl
,170.89707946777344,171.924730806551,168.49261922011235,169.67989197256162,31796500,googl
,168.851806640625,170.33837916949005,167.62461702535575,169.540211146429,21492700,googl
,169.35064697265625,170.13882813078655,168.45270230555178,169.04134527892143,18242100,googl
,176.10511779785156,176.53413938489027,173.1020275837351,173.40134249175,33695500,googl
,180.33538818359375,180.66463304281666,176.783556694456,177.00305326727127,25352900,googl
,177.94090270996094,180.48504128160124,177.6715177795822,180.23561473741785,22006200,googl
,179.93630981445312,180.13584799922145,178.06061738529806,178.1703656704888,17450400,googl
,181.20339965820312,182.07141442586757,178.97851903978543,179.40754063277615,25134900,googl
,178.4696807861328,180.54491140269107,178.13044912542955,180.04605832824305,23184000,googl
,175.17726135253906,178.40983501207117,173.92015698572658,177.87106512358804,31007500,googl
,172.09434509277344,173.7405542062273,170.8272539769183,173.3314910172349,32504600,googl
,174.8979034423828,175.03758170425652,172.50339937967658,173.02221087683125,20206600,googl
,177.71141052246094,178.4596901179334,173.16187301779436,173.32150965187077,23434900,googl
,175.5763397216797,177.27243728365775,173.38138904007343,176.93322081601997,18997100,googl
,167.2454833984375,173.73057324168968,163.32449039222482,173.50108987072463,59734400,googl
,164.38206481933594,166.0781775052239,163.52403689515066,165.4695761261647,38604600,googl
,167.26544189453125,168.24320495243438,165.23012790175193,165.7090226252667,33135300,googl
,168.73207092285156,169.43047745533647,167.19561004372002,167.24549839943876,20486700,googl
,168.84181213378906,169.09123867813173,167.6345961844918,168.61234397565445,19266500,googl
,168.5624542236328,169.0413489221372,166.7765668794217,168.1134894922982,14257200,googl
,171.0966339111328,171.6852768885628,168.18333376692627,168.38287195306333,23789100,googl
,170.9469757080078,172.28389835489799,170.45810941593857,171.0966407714524,22248700,googl
,173.9700164794922,174.50878632573773,170.6676115592613,170.75740145903967,31615100,googl
,172.24400329589844,175.65615678272883,171.93471679976247,174.95776546503646,21356200,googl
,174.30926513671875,174.6784115765489,171.4657962428472,171.6354044780067,21462400,googl
,175.1682586669922,176.05723424799297,173.45023604553785,173.75989224042516,25389600,googl
,184.9569854736328,186.14561898038454,180.8417298459591,182.6396622409938,54813000,googl
,195.1752166748047,195.3849818086967,184.637364997593,185.0968273042346,67894100,googl
,191.7391815185547,194.9554633024938,191.48946911126617,194.77567768503926,34817500,googl
,189.6016387939453,192.50827955283287,189.42183794011777,190.7902570178538,25143500,googl
,196.43377685546875,198.77108139081074,192.39841571324646,192.648128127054,44934900,googl
,195.1951904296875,201.18828813489583,194.7556941593745,197.02308705872431,43504000,googl
,188.18325805664062,196.77337069091053,187.52402890568504,194.99541962680925,34166100,googl
,188.2931365966797,192.8079411518366,188.16329650997008,191.40955777871685,32265200,googl
,191.18980407714844,192.66809720587494,185.00692266360085,185.56627599656574,63462900,googl
,194.40611267089844,194.87557322669755,189.93125525567427,192.3984151157297,25675000,googl
,195.8843994140625,195.8843994140625,193.55707797257898,194.61585613024195,10403300,googl
,195.375,196.52367101490134,194.1564021929594,194.92550545907343,12046600,googl
,192.5382537841797,195.09532170060632,190.43068040496257,194.72573696465102,18891400,googl
,191.02000427246094,192.32849481864238,188.90243274221342,189.58165840021294,14264700,googl
,189.08224487304688,191.73918864322025,188.29314510160168,190.8601960597075,17466900,googl
,189.2120819091797,191.7791328258186,187.2843094002135,190.43067970164262,20370800,googl
,191.56936645507812,192.9877463613902,189.76145103861666,191.14985143368122,18596200,googl
,196.64352416992188,197.99197728329852,193.6270092243641,193.75684931380115,29563600,googl
,195.26512145996094,200.7687774852745,194.37614589069548,196.8832529983184,26487200,googl
,193.7268829345703,196.06418741382137,192.1586969389352,192.3484808074723,24864800,googl
,191.81907653808594,196.29393386115163,190.09107094303815,194.07648645979594,26665200,googl
,190.79026794433594,190.96007055747594,187.14447278422705,189.8513620671916,21823700,googl
,189.4418182373047,191.75914137705388,188.0933651847724,191.02000242961614,17174900,googl
,195.32504272460938,196.1341084636535,191.6392852545324,192.8678659974796,21776000,googl
,192.68807983398438,195.2551153784116,192.58818877757312,193.91666057341888,17815400,googl
,195.77452087402344,197.00310160992169,193.52710928235737,196.3039099407615,27735100,googl
,197.82217407226562,202.05728678766425,197.6423732117847,198.84100497169504,29971300,googl
,198.1417999267578,200.24937329507208,197.30276987978317,198.83100862292844,26200600,googl
,197.7522430419922,200.06958147081755,194.97544232412307,197.91206263871854,26951400,googl
,199.9796905517578,200.66888399183227,197.77222616967978,197.87211722888603,23877500,googl
,191.58934020996094,196.65351502081776,190.5105808080997,192.18865606918456,41728900,googl
,195.07533264160156,195.2551182563093,190.4606370613745,192.52826307792662,24157900,googl
,195.18521118164062,196.5636133163606,193.20747792712066,195.33503253066368,18218300,googl
,200.638916015625,201.16830508891937,197.44260031613962,197.7722225159478,24354700,googl
,203.78530883789062,205.24362078448016,201.56786140671954,201.76762828746982,32042000,googl
,200.99850463867188,203.5156099470352,199.8698149328218,200.45913255035472,27838300,googl
,206.14259338378906,206.81182081300247,202.57669285659674,203.15602747619252,43856400,googl
,191.1099090576172,192.52827375908595,187.81370210065404,190.85021363044225,70373900,googl
,191.3795928955078,191.87901770448227,188.50290111861952,189.28200260132084,29297400,googl
,185.1267852783203,190.9600634127379,183.02921021692137,190.83022332592188,49315000,googl
,186.2554931640625,187.98349876976383,185.64619427540677,187.1344857224474,23105600,googl
,185.10682678222656,186.72495835838524,184.06801459806726,184.81715184499055,21239500,googl
,183.39878845214844,184.8970629566076,181.62083725948915,183.0092376906385,22072600,googl
,185.92587280273438,186.06571114375504,182.9293238598035,184.10797436946572,21402500,googl
,185.01690673828125,186.1855589387927,184.1079651875959,184.8471041355986,20448400,googl
,183.55859375,185.74607679460826,181.5309302979739,185.386490331916,29916700,googl
,185.05686950683594,185.246653369277,183.3787942547783,183.8582530360721,19549400,googl
,184.34768676757812,185.09682399614678,182.5098070913863,184.58741616756504,20441500,googl
,179.4533233642578,185.12678179449694,178.87398876546825,184.93699793129608,35199200,googl
,179.04379272460938,182.90933584096624,178.68420625509464,181.78064614487357,29854200,googl
,175.21820068359375,178.53438877889693,174.48904471950055,177.8351818432405,41913400,googl
,172.5312957763672,175.87744820035027,171.38262477536554,174.8686155406987,35431300,googl
,168.30616760253906,174.3591940996765,167.746814231894,173.78985771928288,39991000,googl
,170.0841064453125,170.41372863795183,166.5781498819881,168.48594100971005,48130600,googl
,166.81787109375,173.17055534541237,165.73911166521458,171.7322094406985,40770500,googl
,170.72337341308594,173.09064211021553,165.60926829005186,166.04876455679425,45388000,googl
,172.8209686279297,173.58008886593674,168.86551735545183,170.32384453302183,30954900,googl
,172.1517333984375,174.60889486138916,170.30385555544734,170.33381982392953,28302000,googl
,173.66000366210938,174.76872740179581,170.07413701655315,171.06298843219486,27385800,googl
,165.8699951171875,168.4600067138672,163.69000244140625,168.25999450683594,43604000,googl
,164.0399932861328,166.75,161.3699951171875,164.91000366210938,39587400,googl
,167.11000061035156,167.63999938964844,163.52999877929688,166.5800018310547,28372400,googl
,162.75999450683594,166.1300048828125,162.11000061035156,166.0399932861328,31756200,googl
,165.49000549316406,166.49000549316406,162.4499969482422,163.27000427246094,31995900,googl
,164.2899932861328,166.3000030517578,163.6699981689453,165.02999877929688,31184300,googl
,160.6699981689453,164.25,156.72000122070312,163.67999267578125,42074800,googl
,163.88999938964844,165.8699951171875,161.0,161.75999450683594,34275600,googl
,162.8000030517578,164.88999938964844,160.9600067138672,161.57000732421875,28138500,googl
,163.99000549316406,164.24000549316406,160.88999938964844,161.2100067138672,36625800,googl
,167.67999267578125,168.32000732421875,165.13999938964844,167.07000732421875,30879100,googl
,170.55999755859375,170.6300048828125,168.32000732421875,168.97999572753906,24174400,googl
,165.05999755859375,169.61000061035156,164.83999633789062,169.0,28901600,googl
,162.24000549316406,165.4199981689453,162.0,164.6300048828125,24508300,googl
,154.3300018310547,161.82000732421875,153.6300048828125,160.49000549316406,48669300,googl
,154.63999938964844,155.5399932861328,150.66000366210938,153.11000061035156,54603500,googl
,INTC,INTC,INTC,INTC,INTC,intc
,23.200000762939453,23.579999923706055,21.90999984741211,23.0,173471100,intc
,22.520000457763672,23.0,22.0,22.959999084472656,84616300,intc
,23.31999969482422,23.579999923706055,22.399999618530273,22.579999923706055,59153300,intc
,25.049999237060547,25.1200008392334,24.049999237060547,24.299999237060547,116760500,intc
,26.229999542236328,26.3799991607666,25.190000534057617,25.43000030517578,101489300,intc
,26.200000762939453,26.43000030517578,25.829999923706055,26.0,76428000,intc
,25.049999237060547,26.290000915527344,24.829999923706055,25.959999084472656,80185300,intc
,24.15999984741211,24.959999084472656,23.889999389648438,24.65999984741211,62539700,intc
,24.920000076293945,25.139999389648438,24.020000457763672,24.059999465942383,58202000,intc
,25.030000686645508,25.610000610351562,24.93000030517578,25.1200008392334,49252100,intc
,24.350000381469727,24.81999969482422,24.229999542236328,24.809999465942383,55104900,intc
,24.84000015258789,25.020000457763672,24.15999984741211,24.329999923706055,59667300,intc
,24.200000762939453,24.540000915527344,24.100000381469727,24.5,61190900,intc
,24.010000228881836,24.209999084472656,23.549999237060547,24.06999969482422,50191500,intc
,24.440000534057617,24.770000457763672,23.829999923706055,24.079999923706055,58928400,intc
,24.5,24.68000030517578,24.139999389648438,24.350000381469727,36784700,intc
,24.8700008392334,25.56999969482422,24.760000228881836,25.040000915527344,91128400,intc
,24.049999237060547,24.989999771118164,23.809999465942383,24.950000762939453,69613600,intc
,23.649999618530273,23.93000030517578,23.059999465942383,23.829999923706055,53992300,intc
,24.049999237060547,24.280000686645508,23.600000381469727,23.719999313354492,36616800,intc
,23.93000030517578,25.479999542236328,23.440000534057617,24.84000015258789,150497900,intc
,22.469999313354492,23.75,22.440000534057617,23.68000030517578,138160500,intc
,21.959999084472656,22.540000915527344,21.809999465942383,22.530000686645508,104649000,intc
,20.799999237060547,22.190000534057617,20.65999984741211,22.040000915527344,167993500,intc
,20.920000076293945,21.049999237060547,20.65999984741211,20.950000762939453,78539100,intc
,20.809999465942383,21.059999465942383,20.729999542236328,20.920000076293945,68818200,intc
,20.15999984741211,20.860000610351562,19.959999084472656,20.829999923706055,90004800,intc
,20.1200008392334,20.25,19.8700008392334,20.139999389648438,75209300,intc
,20.780000686645508,20.899999618530273,19.920000076293945,20.020000457763672,77695000,intc
,20.34000015258789,20.799999237060547,20.25,20.600000381469727,55104100,intc
,20.829999923706055,21.100000381469727,20.0,20.170000076293945,73832900,intc
,20.440000534057617,20.770000457763672,20.290000915527344,20.639999389648438,51767200,intc
,19.299999237060547,20.579999923706055,19.209999084472656,20.479999542236328,86041200,intc
,19.059999465942383,19.690000534057617,19.030000686645508,19.530000686645508,69117800,intc
,19.520000457763672,19.760000228881836,18.899999618530273,18.969999313354492,108453700,intc
,20.200000762939453,20.229999542236328,19.520000457763672,19.579999923706055,57988400,intc
,20.399999618530273,20.399999618530273,19.959999084472656,20.219999313354492,29884000,intc
,20.440000534057617,20.670000076293945,20.079999923706055,20.229999542236328,39846200,intc
,20.299999237060547,20.610000610351562,20.09000015258789,20.209999084472656,48260800,intc
,19.81999969482422,20.110000610351562,19.729999542236328,20.010000228881836,59608100,intc
,20.049999237060547,20.399999618530273,19.8799991607666,19.989999771118164,49846700,intc
,20.219999313354492,20.43000030517578,20.0,20.229999542236328,46438500,intc
,20.559999465942383,20.670000076293945,20.059999465942383,20.389999389648438,48983900,intc
,19.8700008392334,20.979999542236328,19.780000686645508,20.829999923706055,83271000,intc
,20.010000228881836,20.34000015258789,19.899999618530273,20.020000457763672,61726100,intc
,19.8799991607666,20.1200008392334,19.709999084472656,19.829999923706055,47897100,intc
,19.149999618530273,19.65999984741211,18.90999984741211,19.65999984741211,71244600,intc
,19.200000762939453,19.25,18.729999542236328,18.920000076293945,50669000,intc
,19.200000762939453,19.520000457763672,18.81999969482422,19.360000610351562,47147500,intc
,19.719999313354492,19.770000457763672,19.170000076293945,19.399999618530273,56306000,intc
,19.670000076293945,19.950000762939453,19.399999618530273,19.75,44898100,intc
,21.489999771118164,21.6200008392334,20.790000915527344,21.260000228881836,166483900,intc
,21.770000457763672,22.40999984741211,21.75,22.030000686645508,96262200,intc
,21.860000610351562,22.290000915527344,21.56999969482422,21.729999542236328,60972600,intc
,21.56999969482422,21.75,21.350000381469727,21.690000534057617,55778200,intc
,20.829999923706055,21.40999984741211,20.75,21.360000610351562,66300600,intc
,20.290000915527344,21.059999465942383,20.139999389648438,20.809999465942383,83582100,intc
,19.799999237060547,20.34000015258789,19.739999771118164,20.34000015258789,73411400,intc
,19.75,20.079999923706055,19.65999984741211,19.8700008392334,86506800,intc
,20.010000228881836,20.100000381469727,19.43000030517578,19.719999313354492,108167000,intc
,19.43000030517578,20.329999923706055,19.3799991607666,20.100000381469727,117474900,intc
,19.3799991607666,19.75,18.780000686645508,18.969999313354492,77523100,intc
,19.290000915527344,19.530000686645508,19.020000457763672,19.100000381469727,54098200,intc
,19.649999618530273,19.770000457763672,18.90999984741211,19.190000534057617,66059200,intc
,19.3799991607666,19.700000762939453,19.219999313354492,19.510000228881836,45553800,intc
,19.100000381469727,19.360000610351562,19.030000686645508,19.350000381469727,58277900,intc
,19.770000457763672,20.079999923706055,19.239999771118164,19.25,73007300,intc
,20.969999313354492,21.8799991607666,19.860000610351562,19.8700008392334,150960700,intc
,22.479999542236328,22.559999465942383,20.93000030517578,21.979999542236328,162631200,intc
,24.1299991607666,24.829999923706055,22.790000915527344,22.84000015258789,248661300,intc
,23.600000381469727,25.190000534057617,22.860000610351562,24.360000610351562,230254100,intc
,27.389999389648438,27.549999237060547,24.489999771118164,24.600000381469727,284292200,intc
,25.719999313354492,26.329999923706055,25.459999084472656,25.979999542236328,151881700,intc
,26.09000015258789,26.1200008392334,24.479999542236328,25.559999465942383,144939600,intc
,24.8700008392334,26.290000915527344,24.84000015258789,25.959999084472656,111630900,intc
,24.270000457763672,24.799999237060547,23.6200008392334,24.549999237060547,91358100,intc
,22.989999771118164,24.280000686645508,22.770000457763672,24.209999084472656,88886500,intc
,23.520000457763672,23.81999969482422,23.209999084472656,23.25,67449300,intc
,23.09000015258789,24.399999618530273,23.06999969482422,23.700000762939453,97871900,intc
,23.729999542236328,24.440000534057617,22.639999389648438,23.020000457763672,104133800,intc
,22.739999771118164,25.040000915527344,22.520000457763672,25.0,141348700,intc
,21.329999923706055,22.6299991607666,20.760000228881836,22.540000915527344,152182200,intc
,20.809999465942383,21.360000610351562,20.18000030517578,21.329999923706055,127219300,intc
,20.75,21.1299991607666,20.0,20.260000228881836,96466400,intc
,20.639999389648438,21.200000762939453,20.110000610351562,20.270000457763672,81099600,intc
,19.93000030517578,20.510000228881836,19.649999618530273,20.239999771118164,82760600,intc
,19.780000686645508,20.059999465942383,19.290000915527344,19.969999313354492,80789000,intc
,20.68000030517578,21.170000076293945,20.209999084472656,20.790000915527344,128671100,intc
,23.700000762939453,24.530000686645508,23.1299991607666,23.5,243261000,intc
,24.049999237060547,24.3700008392334,23.520000457763672,23.68000030517578,116901600,intc
,25.690000534057617,26.149999618530273,24.3700008392334,24.420000076293945,160723600,intc
,25.920000076293945,26.40999984741211,25.389999389648438,25.549999237060547,132488800,intc
,24.1200008392334,25.229999542236328,24.030000686645508,24.899999618530273,135491400,intc
,23.959999084472656,24.309999465942383,23.729999542236328,23.770000457763672,68937600,intc
,24.260000228881836,24.700000762939453,23.489999771118164,23.600000381469727,94110700,intc
,24.219999313354492,24.989999771118164,24.1299991607666,24.719999313354492,69169000,intc
,24.200000762939453,24.75,24.110000610351562,24.18000030517578,51743300,intc
,23.420000076293945,24.420000076293945,23.25,24.25,59496700,intc
,23.6200008392334,23.760000228881836,22.860000610351562,23.290000915527344,57720600,intc
,22.709999084472656,23.579999923706055,22.559999465942383,23.350000381469727,58365300,intc
,22.709999084472656,22.75,21.75,22.3799991607666,65832000,intc
,META,META,META,META,META,meta
,566.1991577148438,572.6981389909307,561.6069748641634,566.6484075643524,15303200,meta
,559.7301025390625,567.7265419448195,556.9448512232912,563.1442913990002,12064600,meta
,571.460205078125,572.5084140245058,565.7099536866323,566.3388912408113,9775400,meta
,571.0808715820312,572.0292743628759,554.229463302176,561.7966390012363,18305400,meta
,590.6976318359375,593.7923558507847,574.2355767751123,575.9127234281675,14653700,meta
,588.3416137695312,592.0951926933623,583.5297721190619,590.5378379587844,9415700,meta
,582.1820068359375,586.00553531121,575.5333166694651,585.366604942105,10209100,meta
,583.8292236328125,598.6440480490492,579.3967433041139,587.5428920783899,16287700,meta
,579.0173950195312,584.6478546567904,574.1955606863224,581.6229586734983,10757600,meta
,576.1821899414062,579.7761276375875,572.0392571340474,576.0224878119504,11053700,meta
,553.1412963867188,571.5999609350949,550.5656503540905,570.2522115419955,17712900,meta
,553.4608154296875,558.9514978806496,549.1581194372038,556.0962966980143,14346700,meta
,560.1394653320312,560.4788552047905,549.6671856118743,550.9250607524925,9522400,meta
,564.5619506835938,565.390500678348,553.2611210117975,561.9763116905509,9797300,meta
,562.1360473632812,569.0343137249589,548.1197947446825,568.555146432614,11154700,meta
,558.1928100585938,562.8748674563213,553.6505301191291,562.5953125397953,9164000,meta
,564.1526489257812,571.6200187084586,555.4474504719568,561.1477383303449,13599800,meta
,572.5682983398438,576.5216113243557,564.2424619188627,565.0410943888924,10356600,meta
,568.2357177734375,574.0058940620332,563.1443212381122,573.9160806548232,7200200,meta
,573.3470458984375,577.4800469055187,565.9396332575727,568.0360512532919,7130500,meta
,591.82568359375,593.4928373290564,574.5949145977398,576.5216376072835,12522400,meta
,612.6104125976562,613.1594686318281,590.2483370618503,593.9919840199593,14907200,meta
,612.7401733398438,616.7333966061125,604.0748252320993,611.9215552584485,14697000,meta
,607.8983764648438,618.8498233695451,606.0215565844734,616.0345935489895,8081200,meta
,622.7132568359375,628.7230165931262,607.4990854973933,609.0663720551125,16935500,meta
,612.530517578125,625.3387984829403,605.143030037455,622.8629585822455,11426000,meta
,618.2708129882812,624.5302104357933,611.7019431511976,616.5137848674528,10938900,meta
,631.6080932617188,637.3184340049636,620.4770203793527,622.3138688918516,10837200,meta
,629.7213134765625,635.581363832556,626.1474224708807,630.4301325523135,7474700,meta
,619.2990112304688,630.0108744614691,615.8449119771144,626.1573675626565,8453300,meta
,623.6851196289062,630.5890116598864,618.0301774865133,629.420007736044,10885600,meta
,618.889404296875,631.8079039629248,615.9919576111723,625.613402725808,12897800,meta
,596.6591796875,626.8023454819172,595.7899578806528,620.4480133143085,17075500,meta
,595.0405883789062,610.9764221710803,594.4710877502442,609.8474217814187,14958100,meta
,584.7297973632812,602.5739077699969,579.4844638542556,590.0550768385264,48989400,meta
,599.3167724609375,600.5557214561685,585.7288858135305,589.0758836258183,10205800,meta
,607.2097778320312,607.4495547417749,598.7473359909974,602.18421967186,4726100,meta
,602.8136596679688,605.7610496183185,598.4076065348586,604.9417711960614,6081400,meta
,599.27685546875,601.3150202583132,589.2757431165518,598.8771866170372,8084200,meta
,590.7144165039062,596.4093617724204,585.059474705781,588.226639708199,7025900,meta
,584.9895629882812,593.4420040553556,583.3310043759192,591.7435639321293,6019500,meta
,598.7073364257812,604.3722793886026,587.2975045360681,589.1957790711948,12682300,meta
,604.092529296875,608.9581953145173,595.8798046163633,604.2224186140523,11436800,meta
,629.6398315429688,630.429107364017,605.0816634693568,611.2861653941472,14560800,meta
,617.3407592773438,631.5380886830453,607.6893121042956,631.1384808399608,12071500,meta
,610.1771240234375,615.8920714343907,602.2541800285583,612.8547955325016,10085800,meta
,615.3125610351562,629.3500601048015,596.8090645204555,609.4877870994305,19256600,meta
,607.789306640625,608.4286914350151,597.9180835402799,606.5603584516555,10785000,meta
,593.7218017578125,604.9518013433293,588.0268559982835,604.5321917343676,13598000,meta
,616.5714721679688,621.9067525765506,605.9609165618788,609.6676409065044,15524300,meta
,610.756591796875,615.7022038454446,609.1680393269272,610.9564262093133,8355300,meta
,612.225341796875,624.4144487016482,603.1333939973155,623.4952835439785,17280600,meta
,615.9120483398438,620.9475463117574,608.4686584766922,617.2808256632173,11674000,meta
,622.94580078125,633.1367466870842,618.8794110911601,622.745966355468,12274000,meta
,635.88427734375,636.0341074215171,620.597889576449,626.8023305338492,9910200,meta
,646.9144287109375,651.4204294754496,633.6362643025149,635.8343208926308,19065300,meta
,659.29345703125,663.2799006811211,624.5443426754407,626.0530102379722,28399200,meta
,673.7305908203125,681.9732572201489,658.8837538443346,665.4079784595224,20950100,meta
,675.888671875,680.4446161433896,665.0782822378817,674.4000060630054,21377800,meta
,686.3893432617188,710.1581749857351,675.4990076007216,696.200621832455,29322900,meta
,688.5673828125,704.6730489182394,684.9706072332008,690.3857723381032,19331700,meta
,696.840087890625,703.3742528890535,674.649807192235,675.3091937227201,21415700,meta
,703.5640869140625,707.0809776947289,690.995251505304,701.8755866223114,13826300,meta
,704.2434692382812,717.5016936715592,698.3886925528532,702.9246352066622,17778200,meta
,711.3571166992188,718.2610086889607,702.8746730458445,705.2525623903425,13080700,meta
,713.8848876953125,724.3655534509123,711.1173304150035,716.162829309228,16427100,meta
,716.7623291015625,720.558939093694,710.697717393577,717.9212711485029,12904300,meta
,719.16015625,723.0167104534308,709.4088221751414,712.6859358478964,12998000,meta
,724.7352294921875,726.4536713486742,711.9665601009159,714.6641723225413,12016500,meta
,727.9124145507812,728.3520258945355,717.4017457743258,720.8786940316196,12569100,meta
,736.0151977539062,740.2514192957425,724.9750316832167,725.4945889979003,16901200,meta
,715.7332153320312,736.3448822468013,705.8120494058986,735.3457711447024,21938700,meta
,703.1444702148438,706.37157970015,694.7719139390767,703.4741329865286,17535500,meta
,694.222412109375,705.0027993686539,693.0234665438812,696.6602457328806,12587400,meta
,682.9423828125,703.2443277596083,681.7534381597311,695.9608297659651,15660400,meta
,667.5361328125,686.6591347238324,661.8611888382964,685.6700244492644,15677000,meta
,656.9155883789062,667.406255569748,641.2894751849396,665.3780306420172,20579700,meta
,673.1011962890625,682.4029186886339,657.4151389833991,659.0636967789872,14488700,meta
,657.6549072265625,688.0379111520425,656.9855198372225,681.8434098860729,12500000,meta
,667.6060791015625,669.034800720811,642.0287972080544,657.4550757218477,17534200,meta
,654.4677124023438,680.6444353602695,650.2614937084818,673.0811570323929,10843800,meta
,639.4310913085938,649.1724243402481,623.0956495401799,644.9362031172728,21495200,meta
,655.886474609375,658.9138106981253,637.09319610967,640.4302542191028,13770000,meta
,627.371826171875,649.9817152601623,623.5552144493282,647.4239932814962,13446500,meta
,625.1038208007812,634.2257099756501,600.0761000698269,624.8141005363861,21375700,meta
,597.4584350585938,609.5676566741505,586.3483245399041,607.5294919896663,21999900,meta
,605.171630859375,614.3834063038594,592.8026300616355,594.5210719524441,17401500,meta
,619.00927734375,632.7670568528157,608.8083309497569,629.3401130606143,15747000,meta
,590.114990234375,619.9484328172048,585.988656544404,619.6986550441117,16480300,meta
,607.5999755859375,608.8599853515625,594.780029296875,602.7999877929688,12364500,meta
,604.9000244140625,613.0999755859375,598.0,607.4600219726562,15473900,meta
,582.3599853515625,600.25,574.6599731445312,600.0499877929688,20297700,meta
,584.0599975585938,592.3200073242188,574.77001953125,584.280029296875,20537500,meta
,586.0,610.2000122070312,579.510009765625,582.760009765625,24336500,meta
,596.25,597.5399780273438,580.9500122070312,583.4199829101562,25015900,meta
,618.8499755859375,622.5399780273438,612.2000122070312,614.969970703125,15741300,meta
,626.3099975585938,633.8800048828125,621.1799926757812,626.760009765625,15312500,meta
,610.97998046875,626.75,606.6099853515625,624.8900146484375,12609800,meta
,602.5800170898438,614.25,600.0999755859375,602.0,10436500,meta
,576.739990234375,601.75,573.9199829101562,600.3099975585938,17602800,meta
,576.3599853515625,578.7000122070312,553.2999877929688,563.5,21124700,meta
,NVDA,NVDA,NVDA,NVDA,NVDA,nvda
,135.3782196044922,137.2879161101812,134.5483665061615,134.67833522595924,207127800,nvda
,136.0281219482422,138.9376575905799,135.54820341905642,137.18793904541485,187528200,nvda
,139.8874969482422,140.3474144064953,137.30791015086248,137.4278859649573,160537400,nvda
,145.58656311035156,146.46642634688735,141.93715671974996,142.93699575896497,242043900,nvda
,148.85606384277344,148.9060435973239,146.14649291865044,146.3664587614797,207323300,nvda
,147.6062469482422,149.74590195013883,146.236457046531,148.7460628790407,175665800,nvda
,145.23663330078125,148.82606753959354,143.54691790764704,148.65608145399648,182325600,nvda
,148.26612854003906,149.62591028148023,145.98649668767203,146.7563770410738,198634700,nvda
,146.2464599609375,149.30596496785506,145.87650914358065,149.04601231096433,191903300,nvda
,146.7363739013672,148.97601887199116,145.52657719098687,147.6162371498861,194463300,nvda
,141.9571533203125,145.2166386002855,140.05746510375218,144.8466877533126,250132900,nvda
,140.12744140625,141.52722527651324,137.1279241566863,139.47755210471132,221866000,nvda
,146.98634338378906,147.10633445236968,140.96732287230222,141.2972716123141,227834900,nvda
,145.8665313720703,147.53626090336707,142.70703603144835,147.38629113505743,309871700,nvda
,146.6464080810547,152.8654088901037,140.67736706254192,149.32598496889756,400946600,nvda
,141.92715454101562,147.13632286743956,141.07730047570033,145.90650981286518,236406200,nvda
,135.9981231689453,142.02715192160386,135.79815839357323,141.9671640146257,344941900,nvda
,136.89797973632812,139.277601884859,135.64818075181995,137.6778530821544,190287700,nvda
,135.31822204589844,137.19792446250455,131.77879829463743,134.98827330747284,226370900,nvda
,138.22776794433594,139.32759715528792,136.02812477876728,136.75800311530705,141863200,nvda
,138.60769653320312,140.42739572538855,137.7978293194704,138.8076612979231,171682800,nvda
,140.23744201660156,140.51739577472358,137.92781588392697,138.23776359782383,164414000,nvda
,145.1166534423828,145.76654278655016,140.26742746830917,141.97715912549498,231224300,nvda
,145.04666137695312,146.52652104015894,143.93676281520223,145.0966598316491,172621200,nvda
,142.42689514160156,145.68658966441174,141.29699424160657,144.58670004061705,188505600,nvda
,138.79722595214844,139.93712045292858,137.1173878488451,138.9572148926683,189308600,nvda
,135.05758666992188,141.80696595909077,133.77769033829185,138.99721154250668,210020900,nvda
,139.29718017578125,140.15710166074888,135.19756655561218,137.3473626393387,184905200,nvda
,137.32736206054688,138.42726697152892,135.7875104425574,137.0673914713081,159211400,nvda
,134.23765563964844,139.58716980719961,132.52780616182653,138.92722683278515,231514900,nvda
,131.98785400390625,134.38762706465963,130.40799755691268,134.16764608739564,237951100,nvda
,130.3780059814453,131.57789255271604,126.84833189511964,129.07812250532473,259410300,nvda
,128.8981475830078,136.68742440979707,128.2682006428492,133.84768927135005,277444500,nvda
,130.66796875,134.01766661792476,129.5380830968377,131.7478712095932,209719200,nvda
,134.68760681152344,135.26755529215387,128.20820713472543,129.7980572196654,306528600,nvda
,139.6571502685547,139.77713434768583,135.1075657604122,136.2674627166313,176053500,nvda
,140.2071075439453,141.88694573903672,138.6372445869122,139.98712655305678,105157000,nvda
,139.91712951660156,140.8370583714796,137.7173348045662,139.68715493157526,116205600,nvda
,136.9973907470703,139.00721560881072,134.69761453351015,138.53725762424156,170582600,nvda
,137.47735595703125,140.2570989672278,134.00767398793965,134.81759702407376,167734700,nvda
,134.27764892578125,138.05731549303724,133.8176997545706,138.0173106258272,155659200,nvda
,138.29727172851562,138.8672266066605,134.61761764692358,135.98748671158143,198247200,nvda
,144.4567108154297,144.88666393436952,139.71714137538024,139.99711439640743,229322500,nvda
,149.41624450683594,152.14600432101588,147.80640728049391,148.57632545203526,265377400,nvda
,140.12710571289062,153.1159160516902,139.99711279126652,153.0159191493047,351782200,nvda
,140.0971221923828,143.9367655713296,137.5473535279277,142.5668963792699,227349900,nvda
,135.8975067138672,139.90713250101766,134.20765966847648,137.43735839735214,207602500,nvda
,133.21774291992188,133.47772877314173,129.49808381781634,129.97805065881337,204808900,nvda
,131.7478790283203,136.3674645891877,130.03804480886453,136.0374931021696,195590500,nvda
,136.22747802734375,136.43745017340345,131.277920981104,133.63770458598145,185217300,nvda
,133.55772399902344,138.73724031386243,133.47772952507327,138.6272498193542,209235600,nvda
,137.6973419189453,138.48726255165812,135.44754884500142,136.67743145335606,201188800,nvda
,140.81704711914062,141.8169551308445,137.07738566270945,139.14720257048143,197749000,nvda
,147.05648803710938,147.77640781491758,143.65679142482674,144.64670591256592,237651400,nvda
,147.2064666748047,147.2164602628041,143.706788444335,145.03666800279981,155915500,nvda
,142.60687255859375,148.95629439391405,141.86695041120194,148.35634349735062,234657600,nvda
,118.40910339355469,128.3881809500624,116.68926041493282,124.78852130861458,818830900,nvda
,128.9781494140625,128.9881430022562,116.23931491482392,121.79880142784785,579666400,nvda
,123.6886215209961,126.87833061040895,120.03896327722832,126.48836708502724,467120600,nvda
,124.63853454589844,124.9885008224628,118.08913405132431,123.08867408422283,392925500,nvda
,120.0589599609375,127.83824341487099,119.1790436181177,123.76861793270326,390372900,nvda
,116.64927673339844,118.55909714130068,112.99961082645434,114.7394486968032,371235700,nvda
,118.63909149169922,121.1888524384042,116.68926621972048,116.94924444838958,256550000,nvda
,124.81851959228516,124.98850212428793,120.74889426826606,121.74880228526035,262230800,nvda
,128.66815185546875,128.7581551695,125.19847756454047,127.40827329026631,251483600,nvda
,129.8280487060547,130.35799871586244,124.9884977355082,129.20811063964976,228186300,nvda
,133.55772399902344,134.98758517024453,129.94805537047182,130.0780330404282,216989100,nvda
,132.7877960205078,134.4676342706669,131.0079608594355,132.56781502240796,178902400,nvda
,131.12794494628906,132.22784993678553,129.0681367435288,130.00805277951918,160278600,nvda
,135.27755737304688,136.487452862588,131.15794096754342,131.54790450828392,197430000,nvda
,138.8372344970703,139.23719160158925,135.4875365315285,136.46744211776974,195479600,nvda
,139.38717651367188,143.4268135927519,137.91731045487123,141.25701494818574,219176600,nvda
,139.21719360351562,141.34700263351252,137.2073839146051,139.49716663707372,167536000,nvda
,140.0971221923828,140.6470746897965,136.7774200315485,140.01712771481476,143903600,nvda
,134.41763305664062,141.4470007486669,134.01767593596887,140.02711787829398,228217600,nvda
,130.2680206298828,138.57725415414035,130.06804206967678,136.5474420161462,251381100,nvda
,126.61835479736328,130.18802626376245,124.42856133510212,129.96804527013506,271428700,nvda
,131.26792907714844,133.71770077604796,128.478192299153,129.97805439122038,322553800,nvda
,120.13895416259766,134.99758082030266,119.99896764539281,134.9875872324259,443175800,nvda
,124.90850830078125,125.07849083366686,116.38929530836823,118.00914142194866,389091100,nvda
,114.04950714111328,123.68861991301428,112.26967207329028,123.49864257535764,411381400,nvda
,115.97933197021484,119.29902637351395,110.09987541363249,110.63982667322061,398163300,nvda
,117.28921508789062,118.26912068620358,114.49947076595478,117.56918811598004,284337900,nvda
,110.55982971191406,115.3393888375433,110.209863429875,113.51955654224739,321181900,nvda
,112.67964172363281,113.46957000648335,107.5501084934214,111.2397716760376,341755500,nvda
,106.97016143798828,111.83970852661247,105.45029700249104,109.88989097369002,366487400,nvda
,108.75,112.22967568900775,104.76036144852146,106.98015850635034,354865700,nvda
,115.73999786376953,116.76000213623047,112.87999725341797,114.12000274658203,323857500,nvda
,115.58000183105469,117.76000213623047,113.79000091552734,117.02999877929688,299033100,nvda
,121.66999816894531,121.87999725341797,118.1500015258789,118.61000061035156,277593500,nvda
,119.52999877929688,122.88999938964844,118.02999877929688,122.73999786376953,255501500,nvda
,115.43000030517578,119.0199966430664,114.54000091552734,118.0,299686900,nvda
,117.5199966430664,120.44999694824219,115.68000030517578,117.2699966430664,273426200,nvda
,118.52999877929688,120.19999694824219,116.47000122070312,116.55000305175781,248829700,nvda
,117.69999694824219,117.98999786376953,115.41999816894531,116.94000244140625,266498500,nvda
,121.41000366210938,122.22000122070312,119.33999633789062,119.87999725341797,228452500,nvda
,120.69000244140625,121.29000091552734,118.91999816894531,120.55000305175781,167447200,nvda
,113.76000213623047,118.83999633789062,112.70999908447266,118.7300033569336,293463300,nvda
,111.43000030517578,114.44999694824219,110.66000366210938,111.3499984741211,236902100,nvda
,109.66999816894531,112.87000274658203,109.06999969482422,111.48999786376953,229872500,nvda
,108.37999725341797,110.95999908447266,103.6500015258789,105.12999725341797,299212700,nvda
