Date,Close,High,Low,Open,Volume,Ticker
,GOOGL,GOOGL,GOOGL,GOOGL,GOOGL,
2024-11-01,170.89707946777344,171.924730806551,168.49261922011235,169.67989197256162,31796500,GOOGL
2024-11-04,168.85179138183594,170.33836377636248,167.6246018774653,169.54019582543023,21492700,GOOGL
2024-11-05,169.3506622314453,170.1388434605921,168.45271748343447,169.04136050984187,18242100,GOOGL
2024-11-06,176.10511779785156,176.53413938489027,173.1020275837351,173.40134249175,33695500,GOOGL
2024-11-07,180.3354034423828,180.66464832946426,176.78357165271254,177.00306824410018,25352900,GOOGL
2024-11-08,177.94090270996094,180.48504128160124,177.6715177795822,180.23561473741785,22006200,GOOGL
2024-11-11,179.9363250732422,180.13586327493155,178.06063248502642,178.17038077952392,17450400,GOOGL
2024-11-12,181.20338439941406,182.07139909398467,178.9785039683493,179.40752552521292,25134900,GOOGL
2024-11-13,178.46969604492188,180.54492683890805,178.130464355215,180.04607372180914,23184000,GOOGL
2024-11-14,175.17724609375,178.40981947170926,173.9201418364374,177.8710496301556,31007500,GOOGL
2024-11-15,172.09434509277344,173.7405542062273,170.8272539769183,173.3314910172349,32504600,GOOGL
2024-11-18,174.89788818359375,175.03756643328137,172.5033843297936,173.02219578168507,20206600,GOOGL
2024-11-19,177.71142578125,178.45970544097182,173.16188788594766,173.32152453373092,23434900,GOOGL
2024-11-20,175.57632446289062,177.27242187746617,173.38137397204065,176.9332054393086,18997100,GOOGL
2024-11-21,167.24549865722656,173.73058909215166,163.32450529327863,173.50110570024947,59734400,GOOGL
2024-11-22,164.38206481933594,166.0781775052239,163.52403689515066,165.4695761261647,38604600,GOOGL
2024-11-25,167.2654266357422,168.2431896044489,165.2301128286344,165.70900750846198,33135300,GOOGL
2024-11-26,168.73207092285156,169.43047745533647,167.19561004372002,167.24549839943876,20486700,GOOGL
2024-11-27,168.84181213378906,169.09123867813173,167.6345961844918,168.61234397565445,19266500,GOOGL
2024-11-29,168.5624542236328,169.0413489221372,166.7765668794217,168.1134894922982,14257200,GOOGL
2024-12-02,171.0966339111328,171.6852768885628,168.18333376692627,168.38287195306333,23789100,GOOGL
2024-12-03,170.94696044921875,172.28388297677475,170.4580942007859,171.0966254993042,22248700,GOOGL
2024-12-04,173.9700164794922,174.50878632573773,170.6676115592613,170.75740145903967,31615100,GOOGL
2024-12-05,172.24398803710938,175.65614122166315,171.93470156837253,174.95774996584004,21356200,GOOGL
2024-12-06,174.30926513671875,174.6784115765489,171.4657962428472,171.6354044780067,21462400,GOOGL
2024-12-09,175.1682586669922,176.05723424799297,173.45023604553785,173.75989224042516,25389600,GOOGL
2024-12-10,184.9569854736328,186.14561898038454,180.8417298459591,182.6396622409938,54813000,GOOGL
2024-12-11,195.1752166748047,195.3849818086967,184.637364997593,185.0968273042346,67894100,GOOGL
2024-12-12,191.7391815185547,194.9554633024938,191.48946911126617,194.77567768503926,34817500,GOOGL
2024-12-13,189.6016387939453,192.50827955283287,189.42183794011777,190.7902570178538,25143500,GOOGL
2024-12-16,196.43377685546875,198.77108139081074,192.39841571324646,192.648128127054,44934900,GOOGL
2024-12-17,195.1951904296875,201.18828813489583,194.7556941593745,197.02308705872431,43504000,GOOGL
2024-12-18,188.18325805664062,196.77337069091053,187.52402890568504,194.99541962680925,34166100,GOOGL
2024-12-19,188.2931365966797,192.8079411518366,188.16329650997008,191.40955777871685,32265200,GOOGL
2024-12-20,191.18980407714844,192.66809720587494,185.00692266360085,185.56627599656574,63462900,GOOGL
2024-12-23,194.40611267089844,194.87557322669755,189.93125525567427,192.3984151157297,25675000,GOOGL
2024-12-24,195.8843994140625,195.8843994140625,193.55707797257898,194.61585613024195,10403300,GOOGL
2024-12-26,195.375,196.52367101490134,194.1564021929594,194.92550545907343,12046600,GOOGL
2024-12-27,192.5382537841797,195.09532170060632,190.43068040496257,194.72573696465102,18891400,GOOGL
2024-12-30,191.02000427246094,192.32849481864238,188.90243274221342,189.58165840021294,14264700,GOOGL
2024-12-31,189.08224487304688,191.73918864322025,188.29314510160168,190.8601960597075,17466900,GOOGL
2025-01-02,189.2120819091797,191.7791328258186,187.2843094002135,190.43067970164262,20370800,GOOGL
2025-01-03,191.56936645507812,192.9877463613902,189.76145103861666,191.14985143368122,18596200,GOOGL
2025-01-06,196.64352416992188,197.99197728329852,193.6270092243641,193.75684931380115,29563600,GOOGL
2025-01-07,195.26512145996094,200.7687774852745,194.37614589069548,196.8832529983184,26487200,GOOGL
2025-01-08,193.7268829345703,196.06418741382137,192.1586969389352,192.3484808074723,24864800,GOOGL
2025-01-10,191.81907653808594,196.29393386115163,190.09107094303815,194.07648645979594,26665200,GOOGL
2025-01-13,190.79026794433594,190.96007055747594,187.14447278422705,189.8513620671916,21823700,GOOGL
2025-01-14,189.4418182373047,191.75914137705388,188.0933651847724,191.02000242961614,17174900,GOOGL
2025-01-15,195.32504272460938,196.1341084636535,191.6392852545324,192.8678659974796,21776000,GOOGL
2025-01-16,192.68807983398438,195.2551153784116,192.58818877757312,193.91666057341888,17815400,GOOGL
2025-01-17,195.77452087402344,197.00310160992169,193.52710928235737,196.3039099407615,27735100,GOOGL
2025-01-21,197.82217407226562,202.05728678766425,197.6423732117847,198.84100497169504,29971300,GOOGL
2025-01-22,198.1417999267578,200.24937329507208,197.30276987978317,198.83100862292844,26200600,GOOGL
2025-01-23,197.7522430419922,200.06958147081755,194.97544232412307,197.91206263871854,26951400,GOOGL
2025-01-24,199.9796905517578,200.66888399183227,197.77222616967978,197.87211722888603,23877500,GOOGL
2025-01-27,191.58934020996094,196.65351502081776,190.5105808080997,192.18865606918456,41728900,GOOGL
2025-01-28,195.07533264160156,195.2551182563093,190.4606370613745,192.52826307792662,24157900,GOOGL
2025-01-29,195.18521118164062,196.5636133163606,193.20747792712066,195.33503253066368,18218300,GOOGL
2025-01-30,200.638916015625,201.16830508891937,197.44260031613962,197.7722225159478,24354700,GOOGL
2025-01-31,203.78530883789062,205.24362078448016,201.56786140671954,201.76762828746982,32042000,GOOGL
2025-02-03,200.99850463867188,203.5156099470352,199.8698149328218,200.45913255035472,27838300,GOOGL
2025-02-04,206.14259338378906,206.81182081300247,202.57669285659674,203.15602747619252,43856400,GOOGL
2025-02-05,191.1099090576172,192.52827375908595,187.81370210065404,190.85021363044225,70373900,GOOGL
2025-02-06,191.3795928955078,191.87901770448227,188.50290111861952,189.28200260132084,29297400,GOOGL
2025-02-07,185.1267852783203,190.9600634127379,183.02921021692137,190.83022332592188,49315000,GOOGL
2025-02-10,186.2554931640625,187.98349876976383,185.64619427540677,187.1344857224474,23105600,GOOGL
2025-02-11,185.10682678222656,186.72495835838524,184.06801459806726,184.81715184499055,21239500,GOOGL
2025-02-12,183.39878845214844,184.8970629566076,181.62083725948915,183.0092376906385,22072600,GOOGL
2025-02-13,185.92587280273438,186.06571114375504,182.9293238598035,184.10797436946572,21402500,GOOGL
2025-02-14,185.01690673828125,186.1855589387927,184.1079651875959,184.8471041355986,20448400,GOOGL
2025-02-18,183.55859375,185.74607679460826,181.5309302979739,185.386490331916,29916700,GOOGL
2025-02-19,185.05686950683594,185.246653369277,183.3787942547783,183.8582530360721,19549400,GOOGL
2025-02-20,184.34768676757812,185.09682399614678,182.5098070913863,184.58741616756504,20441500,GOOGL
2025-02-21,179.4533233642578,185.12678179449694,178.87398876546825,184.93699793129608,35199200,GOOGL
2025-02-24,179.04379272460938,182.90933584096624,178.68420625509464,181.78064614487357,29854200,GOOGL
2025-02-25,175.21820068359375,178.53438877889693,174.48904471950055,177.8351818432405,41913400,GOOGL
2025-02-26,172.5312957763672,175.87744820035027,171.38262477536554,174.8686155406987,35431300,GOOGL
2025-02-27,168.30616760253906,174.3591940996765,167.746814231894,173.78985771928288,39991000,GOOGL
2025-02-28,170.0841064453125,170.41372863795183,166.5781498819881,168.48594100971005,48130600,GOOGL
2025-03-03,166.81787109375,173.17055534541237,165.73911166521458,171.7322094406985,40770500,GOOGL
2025-03-04,170.72337341308594,173.09064211021553,165.60926829005186,166.04876455679425,45388000,GOOGL
2025-03-05,172.8209686279297,173.58008886593674,168.86551735545183,170.32384453302183,30954900,GOOGL
2025-03-06,172.1517333984375,174.60889486138916,170.30385555544734,170.33381982392953,28302000,GOOGL
2025-03-07,173.66000366210938,174.76872740179581,170.07413701655315,171.06298843219486,27385800,GOOGL
2025-03-10,165.8699951171875,168.4600067138672,163.69000244140625,168.25999450683594,43604000,GOOGL
2025-03-11,164.0399932861328,166.75,161.3699951171875,164.91000366210938,39587400,GOOGL
2025-03-12,167.11000061035156,167.63999938964844,163.52999877929688,166.5800018310547,28372400,GOOGL
2025-03-13,162.75999450683594,166.1300048828125,162.11000061035156,166.0399932861328,31756200,GOOGL
2025-03-14,165.49000549316406,166.49000549316406,162.4499969482422,163.27000427246094,31995900,GOOGL
2025-03-17,164.2899932861328,166.3000030517578,163.6699981689453,165.02999877929688,31184300,GOOGL
2025-03-18,160.6699981689453,164.25,156.72000122070312,163.67999267578125,42074800,GOOGL
2025-03-19,163.88999938964844,165.8699951171875,161.0,161.75999450683594,34275600,GOOGL
2025-03-20,162.8000030517578,164.88999938964844,160.9600067138672,161.57000732421875,28138500,GOOGL
2025-03-21,163.99000549316406,164.24000549316406,160.88999938964844,161.2100067138672,36625800,GOOGL
2025-03-24,167.67999267578125,168.32000732421875,165.13999938964844,167.07000732421875,30879100,GOOGL
2025-03-25,170.55999755859375,170.6300048828125,168.32000732421875,168.97999572753906,24174400,GOOGL
2025-03-26,165.05999755859375,169.61000061035156,164.83999633789062,169.0,28901600,GOOGL
2025-03-27,162.24000549316406,165.4199981689453,162.0,164.6300048828125,24508300,GOOGL
2025-03-28,154.3300018310547,161.82000732421875,153.6300048828125,160.49000549316406,48669300,GOOGL
2025-03-31,154.63999938964844,155.5399932861328,150.66000366210938,153.11000061035156,54603500,GOOGL
,AMZN,AMZN,AMZN,AMZN,AMZN,
2024-11-01,197.92999267578125,200.5,197.02000427246094,199.0,99687800,AMZN
2024-11-04,195.77999877929688,197.3300018310547,194.30999755859375,196.4499969482422,38492100,AMZN
2024-11-05,199.5,199.82000732421875,195.99000549316406,196.0399932861328,30564800,AMZN
2024-11-06,207.08999633789062,207.5500030517578,199.13999938964844,200.00999450683594,72292200,AMZN
2024-11-07,210.0500030517578,212.25,207.19000244140625,207.44000244140625,52878400,AMZN
2024-11-08,208.17999267578125,209.9600067138672,207.44000244140625,209.72000122070312,36075800,AMZN
2024-11-11,206.83999633789062,209.64999389648438,205.58999633789062,208.5,35456000,AMZN
2024-11-12,208.91000366210938,209.5399932861328,206.00999450683594,208.3699951171875,38942900,AMZN
2024-11-13,214.10000610351562,215.08999633789062,209.13999938964844,209.39999389648438,46212900,AMZN
2024-11-14,211.47999572753906,215.89999389648438,210.8800048828125,214.16000366210938,42620300,AMZN
2024-11-15,202.61000061035156,207.33999633789062,199.61000061035156,206.75999450683594,86591100,AMZN
2024-11-18,201.6999969482422,204.6699981689453,200.9499969482422,204.14999389648438,36512500,AMZN
2024-11-19,204.61000061035156,205.3000030517578,198.77999877929688,199.3300018310547,31197900,AMZN
2024-11-20,202.8800048828125,203.1300048828125,199.4499969482422,202.97999572753906,32769000,AMZN
2024-11-21,198.3800048828125,203.49000549316406,195.75,203.49000549316406,58800000,AMZN
2024-11-22,197.1199951171875,199.25999450683594,196.75,198.25,31530800,AMZN
2024-11-25,201.4499969482422,201.9499969482422,199.0,199.27999877929688,40685700,AMZN
2024-11-26,207.86000061035156,208.0,201.7899932861328,201.89999389648438,41673700,AMZN
2024-11-27,205.74000549316406,207.63999938964844,205.0500030517578,206.97999572753906,28061600,AMZN
2024-11-29,207.88999938964844,208.1999969482422,204.58999633789062,205.8300018310547,24892400,AMZN
2024-12-02,210.7100067138672,212.99000549316406,209.50999450683594,209.9600067138672,39523200,AMZN
2024-12-03,213.44000244140625,214.02000427246094,209.64999389648438,210.30999755859375,32214800,AMZN
2024-12-04,218.16000366210938,220.0,215.75,215.9600067138672,48745700,AMZN
2024-12-05,220.5500030517578,222.14999389648438,217.3000030517578,218.02999877929688,41140200,AMZN
2024-12-06,227.02999877929688,227.14999389648438,220.60000610351562,220.75,44178100,AMZN
2024-12-09,226.08999633789062,230.0800018310547,225.6699981689453,227.2100067138672,46819400,AMZN
2024-12-10,225.0399932861328,229.05999755859375,224.1999969482422,226.08999633789062,31199900,AMZN
2024-12-11,230.25999450683594,231.1999969482422,226.25999450683594,226.41000366210938,35385800,AMZN
2024-12-12,228.97000122070312,231.08999633789062,227.6300048828125,229.8300018310547,28204100,AMZN
2024-12-13,227.4600067138672,230.1999969482422,225.86000061035156,228.39999389648438,28768100,AMZN
2024-12-16,232.92999267578125,233.0,228.00999450683594,230.22999572753906,37552100,AMZN
2024-12-17,231.14999389648438,232.72999572753906,227.85000610351562,232.38999938964844,35948100,AMZN
2024-12-18,220.52000427246094,231.39999389648438,220.11000061035156,230.77000427246094,43281400,AMZN
2024-12-19,223.2899932861328,226.08999633789062,222.9199981689453,224.91000366210938,39918700,AMZN
2024-12-20,224.9199981689453,226.2100067138672,218.72999572753906,219.83999633789062,88279200,AMZN
2024-12-23,225.05999755859375,226.8800048828125,223.89999389648438,225.00999450683594,28070000,AMZN
2024-12-24,229.0500030517578,229.13999938964844,226.1300048828125,226.94000244140625,15007500,AMZN
2024-12-26,227.0500030517578,228.5,226.6699981689453,228.5,16146700,AMZN
2024-12-27,223.75,226.02999877929688,220.89999389648438,225.60000610351562,27367100,AMZN
2024-12-30,221.3000030517578,223.0,218.42999267578125,220.05999755859375,28321200,AMZN
2024-12-31,219.38999938964844,223.22999572753906,218.94000244140625,222.97000122070312,24819700,AMZN
2025-01-02,220.22000122070312,225.14999389648438,218.19000244140625,222.02999877929688,33956600,AMZN
2025-01-03,224.19000244140625,225.36000061035156,221.6199951171875,222.50999450683594,27515600,AMZN
2025-01-06,227.61000061035156,228.83999633789062,224.83999633789062,226.77999877929688,31849800,AMZN
2025-01-07,222.11000061035156,228.3800048828125,221.4600067138672,227.89999389648438,28084200,AMZN
2025-01-08,222.1300048828125,223.52000427246094,220.1999969482422,223.19000244140625,25033300,AMZN
2025-01-10,218.94000244140625,221.7100067138672,216.5,221.4600067138672,36811500,AMZN
2025-01-13,218.4600067138672,219.39999389648438,216.47000122070312,218.05999755859375,27262700,AMZN
2025-01-14,217.75999450683594,221.82000732421875,216.1999969482422,220.44000244140625,24711700,AMZN
2025-01-15,223.35000610351562,223.57000732421875,220.75,222.8300018310547,31291300,AMZN
2025-01-16,220.66000366210938,224.64999389648438,220.30999755859375,224.4199981689453,24757300,AMZN
2025-01-17,225.94000244140625,226.50999450683594,223.0800018310547,225.83999633789062,42370100,AMZN
2025-01-21,230.7100067138672,231.77999877929688,226.94000244140625,228.89999389648438,39951500,AMZN
2025-01-22,235.00999450683594,235.44000244140625,231.19000244140625,232.02000427246094,41448200,AMZN
2025-01-23,235.4199981689453,235.52000427246094,231.50999450683594,234.10000610351562,26404400,AMZN
2025-01-24,234.85000610351562,236.39999389648438,232.92999267578125,234.5,25890700,AMZN
2025-01-27,235.4199981689453,235.61000061035156,225.86000061035156,226.2100067138672,49428300,AMZN
2025-01-28,238.14999389648438,241.77000427246094,233.97999572753906,234.2899932861328,41587200,AMZN
2025-01-29,237.07000732421875,240.38999938964844,236.14999389648438,239.02000427246094,26091700,AMZN
2025-01-30,234.63999938964844,237.9499969482422,232.22000122070312,237.13999938964844,32020700,AMZN
2025-01-31,237.67999267578125,240.2899932861328,236.41000366210938,236.5,36162400,AMZN
2025-02-03,237.4199981689453,239.25,232.89999389648438,234.05999755859375,37285900,AMZN
2025-02-04,242.05999755859375,242.52000427246094,238.02999877929688,239.00999450683594,29713800,AMZN
2025-02-05,236.1699981689453,238.32000732421875,235.1999969482422,237.02000427246094,38727300,AMZN
2025-02-06,238.8300018310547,239.66000366210938,236.00999450683594,238.00999450683594,60897100,AMZN
2025-02-07,229.14999389648438,234.80999755859375,228.05999755859375,232.5,77539300,AMZN
2025-02-10,233.13999938964844,233.9199981689453,229.1999969482422,230.5500030517578,35419900,AMZN
2025-02-11,232.75999450683594,233.44000244140625,230.1300048828125,231.9199981689453,23713700,AMZN
2025-02-12,228.92999267578125,231.17999267578125,228.16000366210938,230.4600067138672,32285200,AMZN
2025-02-13,230.3699951171875,230.4199981689453,227.52000427246094,228.85000610351562,31346500,AMZN
2025-02-14,228.67999267578125,229.88999938964844,227.22999572753906,229.1999969482422,27031100,AMZN
2025-02-18,226.64999389648438,229.3000030517578,223.72000122070312,228.82000732421875,42975100,AMZN
2025-02-19,226.6300048828125,226.8300018310547,223.7100067138672,225.52000427246094,28566700,AMZN
2025-02-20,222.8800048828125,225.1300048828125,221.80999755859375,224.77999877929688,30001700,AMZN
2025-02-21,216.5800018310547,223.30999755859375,214.74000549316406,223.27999877929688,55323900,AMZN
2025-02-24,212.7100067138672,217.72000122070312,212.4199981689453,217.4499969482422,42387600,AMZN
2025-02-25,212.8000030517578,213.33999633789062,204.16000366210938,211.6300048828125,58958000,AMZN
2025-02-26,214.35000610351562,218.16000366210938,213.08999633789062,214.94000244140625,39120600,AMZN
2025-02-27,208.74000549316406,219.97000122070312,208.3699951171875,218.35000610351562,40548600,AMZN
2025-02-28,212.27999877929688,212.6199951171875,206.99000549316406,208.64999389648438,51771700,AMZN
2025-03-03,205.02000427246094,214.00999450683594,202.5500030517578,213.35000610351562,42948400,AMZN
2025-03-04,203.8000030517578,206.8000030517578,197.42999267578125,200.11000061035156,60853100,AMZN
2025-03-05,208.36000061035156,209.97999572753906,203.25999450683594,204.8000030517578,38610100,AMZN
2025-03-06,200.6999969482422,205.77000427246094,198.3000030517578,204.39999389648438,49863800,AMZN
2025-03-07,199.25,202.27000427246094,192.52999877929688,199.49000549316406,59802800,AMZN
2025-03-10,194.5399932861328,196.72999572753906,190.85000610351562,195.60000610351562,62350900,AMZN
2025-03-11,196.58999633789062,200.17999267578125,193.39999389648438,193.89999389648438,54002900,AMZN
2025-03-12,198.88999938964844,201.52000427246094,195.2899932861328,200.72000122070312,43679300,AMZN
2025-03-13,193.88999938964844,198.8800048828125,191.82000732421875,198.1699981689453,41270800,AMZN
2025-03-14,197.9499969482422,198.64999389648438,195.32000732421875,197.41000366210938,38096700,AMZN
2025-03-17,195.74000549316406,199.0,194.32000732421875,198.77000427246094,47341800,AMZN
2025-03-18,192.82000732421875,194.0,189.3800048828125,192.52000427246094,40414900,AMZN
2025-03-19,195.5399932861328,195.97000122070312,191.9600067138672,193.3800048828125,39442900,AMZN
2025-03-20,194.9499969482422,199.32000732421875,192.3000030517578,193.07000732421875,38921100,AMZN
2025-03-21,196.2100067138672,196.99000549316406,192.52000427246094,192.89999389648438,60056900,AMZN
2025-03-24,203.25999450683594,203.63999938964844,199.9499969482422,200.0,41625400,AMZN
2025-03-25,205.7100067138672,206.2100067138672,203.22000122070312,203.60000610351562,31171200,AMZN
2025-03-26,201.1300048828125,206.00999450683594,199.92999267578125,205.83999633789062,32855300,AMZN
2025-03-27,201.36000061035156,203.7899932861328,199.27999877929688,200.88999938964844,27317700,AMZN
2025-03-28,192.72000122070312,199.25999450683594,191.8800048828125,198.4199981689453,52548200,AMZN
2025-03-31,190.25999450683594,191.3300018310547,184.39999389648438,188.19000244140625,63547600,AMZN
,META,META,META,META,META,
2024-11-01,566.1990966796875,572.6980772551971,561.6069143240354,566.6483464807679,15303200,META
2024-11-04,559.7301635742188,567.7266038519388,556.9449119547328,563.144352806453,12064600,META
2024-11-05,571.460205078125,572.5084140245058,565.7099536866323,566.3388912408113,9775400,META
2024-11-06,571.0808715820312,572.0292743628759,554.229463302176,561.7966390012363,18305400,META
2024-11-07,590.6976318359375,593.7923558507847,574.2355767751123,575.9127234281675,14653700,META
2024-11-08,588.3416137695312,592.0951926933623,583.5297721190619,590.5378379587844,9415700,META
2024-11-11,582.1820068359375,586.00553531121,575.5333166694651,585.366604942105,10209100,META
2024-11-12,583.8292236328125,598.6440480490492,579.3967433041139,587.5428920783899,16287700,META
2024-11-13,579.0173950195312,584.6478546567904,574.1955606863224,581.6229586734983,10757600,META
2024-11-14,576.1821899414062,579.7761276375875,572.0392571340474,576.0224878119504,11053700,META
2024-11-15,553.141357421875,571.6000240070317,550.5657111050427,570.252274465218,17712900,META
2024-11-18,553.4608154296875,558.9514978806496,549.1581194372038,556.0962966980143,14346700,META
2024-11-19,560.1394653320312,560.4788552047905,549.6671856118743,550.9250607524925,9522400,META
2024-11-20,564.5619506835938,565.390500678348,553.2611210117975,561.9763116905509,9797300,META
2024-11-21,562.1360473632812,569.0343137249589,548.1197947446825,568.555146432614,11154700,META
2024-11-22,558.1927490234375,562.8748059092092,553.650469580645,562.5952510232509,9164000,META
2024-11-25,564.152587890625,571.6199568654145,555.4473903786079,561.1476776202871,13599800,META
2024-11-26,572.5682983398438,576.5216113243557,564.2424619188627,565.0410943888924,10356600,META
2024-11-27,568.2356567382812,574.0058324070926,563.1442607498313,573.9160190095296,7200200,META
2024-11-29,573.3470458984375,577.4800469055187,565.9396332575727,568.0360512532919,7130500,META
2024-12-02,591.82568359375,593.4928373290564,574.5949145977398,576.5216376072835,12522400,META
2024-12-03,612.6104125976562,613.1594686318281,590.2483370618503,593.9919840199593,14907200,META
2024-12-04,612.7401733398438,616.7333966061125,604.0748252320993,611.9215552584485,14697000,META
2024-12-05,607.8983764648438,618.8498233695451,606.0215565844734,616.0345935489895,8081200,META
2024-12-06,622.7132568359375,628.7230165931262,607.4990854973933,609.0663720551125,16935500,META
2024-12-09,612.530517578125,625.3387984829403,605.143030037455,622.8629585822455,11426000,META
2024-12-10,618.2708129882812,624.5302104357933,611.7019431511976,616.5137848674528,10938900,META
2024-12-11,631.608154296875,637.318495591936,620.4770803388628,622.3139290288647,10837200,META
2024-12-12,629.7213745117188,635.5814254356923,626.1474831596408,630.4301936561714,7474700,META
2024-12-13,619.299072265625,630.0109365523356,615.8449726718511,626.1574292737397,8453300,META
2024-12-16,623.6851196289062,630.5890116598864,618.0301774865133,629.420007736044,10885600,META
2024-12-17,618.889404296875,631.8079039629248,615.9919576111723,625.613402725808,12897800,META
2024-12-18,596.6591796875,626.8023454819172,595.7899578806528,620.4480133143085,17075500,META
2024-12-19,595.0405883789062,610.9764221710803,594.4710877502442,609.8474217814187,14958100,META
2024-12-20,584.7297973632812,602.5739077699969,579.4844638542556,590.0550768385264,48989400,META
2024-12-23,599.3167724609375,600.5557214561685,585.7288858135305,589.0758836258183,10205800,META
2024-12-24,607.2097778320312,607.4495547417749,598.7473359909974,602.18421967186,4726100,META
2024-12-26,602.8136596679688,605.7610496183185,598.4076065348586,604.9417711960614,6081400,META
2024-12-27,599.27685546875,601.3150202583132,589.2757431165518,598.8771866170372,8084200,META
2024-12-30,590.7144165039062,596.4093617724204,585.059474705781,588.226639708199,7025900,META
2024-12-31,584.9895629882812,593.4420040553556,583.3310043759192,591.7435639321293,6019500,META
2025-01-02,598.7073364257812,604.3722793886026,587.2975045360681,589.1957790711948,12682300,META
2025-01-03,604.092529296875,608.9581953145173,595.8798046163633,604.2224186140523,11436800,META
2025-01-06,629.6398315429688,630.429107364017,605.0816634693568,611.2861653941472,14560800,META
2025-01-07,617.3407592773438,631.5380886830453,607.6893121042956,631.1384808399608,12071500,META
2025-01-08,610.1771240234375,615.8920714343907,602.2541800285583,612.8547955325016,10085800,META
2025-01-10,615.3125610351562,629.3500601048015,596.8090645204555,609.4877870994305,19256600,META
2025-01-13,607.789306640625,608.4286914350151,597.9180835402799,606.5603584516555,10785000,META
2025-01-14,593.7218017578125,604.9518013433293,588.0268559982835,604.5321917343676,13598000,META
2025-01-15,616.5714721679688,621.9067525765506,605.9609165618788,609.6676409065044,15524300,META
2025-01-16,610.756591796875,615.7022038454446,609.1680393269272,610.9564262093133,8355300,META
2025-01-17,612.225341796875,624.4144487016482,603.1333939973155,623.4952835439785,17280600,META
2025-01-21,615.9120483398438,620.9475463117574,608.4686584766922,617.2808256632173,11674000,META
2025-01-22,622.94580078125,633.1367466870842,618.8794110911601,622.745966355468,12274000,META
2025-01-23,635.88427734375,636.0341074215171,620.597889576449,626.8023305338492,9910200,META
2025-01-24,646.9144287109375,651.4204294754496,633.6362643025149,635.8343208926308,19065300,META
2025-01-27,659.29345703125,663.2799006811211,624.5443426754407,626.0530102379722,28399200,META
2025-01-28,673.7305908203125,681.9732572201489,658.8837538443346,665.4079784595224,20950100,META
2025-01-29,675.888671875,680.4446161433896,665.0782822378817,674.4000060630054,21377800,META
2025-01-30,686.3893432617188,710.1581749857351,675.4990076007216,696.200621832455,29322900,META
2025-01-31,688.5673828125,704.6730489182394,684.9706072332008,690.3857723381032,19331700,META
2025-02-03,696.840087890625,703.3742528890535,674.649807192235,675.3091937227201,21415700,META
2025-02-04,703.5640869140625,707.0809776947289,690.995251505304,701.8755866223114,13826300,META
2025-02-05,704.2434692382812,717.5016936715592,698.3886925528532,702.9246352066622,17778200,META
2025-02-06,711.3571166992188,718.2610086889607,702.8746730458445,705.2525623903425,13080700,META
2025-02-07,713.8848876953125,724.3655534509123,711.1173304150035,716.162829309228,16427100,META
2025-02-10,716.7623291015625,720.558939093694,710.697717393577,717.9212711485029,12904300,META
2025-02-11,719.16015625,723.0167104534308,709.4088221751414,712.6859358478964,12998000,META
2025-02-12,724.7352294921875,726.4536713486742,711.9665601009159,714.6641723225413,12016500,META
2025-02-13,727.9124145507812,728.3520258945355,717.4017457743258,720.8786940316196,12569100,META
2025-02-14,736.0151977539062,740.2514192957425,724.9750316832167,725.4945889979003,16901200,META
2025-02-18,715.7332153320312,736.3448822468013,705.8120494058986,735.3457711447024,21938700,META
2025-02-19,703.1444702148438,706.37157970015,694.7719139390767,703.4741329865286,17535500,META
2025-02-20,694.222412109375,705.0027993686539,693.0234665438812,696.6602457328806,12587400,META
2025-02-21,682.9423828125,703.2443277596083,681.7534381597311,695.9608297659651,15660400,META
2025-02-24,667.5361328125,686.6591347238324,661.8611888382964,685.6700244492644,15677000,META
2025-02-25,656.9155883789062,667.406255569748,641.2894751849396,665.3780306420172,20579700,META
2025-02-26,673.1011962890625,682.4029186886339,657.4151389833991,659.0636967789872,14488700,META
2025-02-27,657.6549072265625,688.0379111520425,656.9855198372225,681.8434098860729,12500000,META
2025-02-28,667.6060791015625,669.034800720811,642.0287972080544,657.4550757218477,17534200,META
2025-03-03,654.4677124023438,680.6444353602695,650.2614937084818,673.0811570323929,10843800,META
2025-03-04,639.4310913085938,649.1724243402481,623.0956495401799,644.9362031172728,21495200,META
2025-03-05,655.886474609375,658.9138106981253,637.09319610967,640.4302542191028,13770000,META
2025-03-06,627.371826171875,649.9817152601623,623.5552144493282,647.4239932814962,13446500,META
2025-03-07,625.1038208007812,634.2257099756501,600.0761000698269,624.8141005363861,21375700,META
2025-03-10,597.4584350585938,609.5676566741505,586.3483245399041,607.5294919896663,21999900,META
2025-03-11,605.171630859375,614.3834063038594,592.8026300616355,594.5210719524441,17401500,META
2025-03-12,619.00927734375,632.7670568528157,608.8083309497569,629.3401130606143,15747000,META
2025-03-13,590.114990234375,619.9484328172048,585.988656544404,619.6986550441117,16480300,META
2025-03-14,607.5999755859375,608.8599853515625,594.780029296875,602.7999877929688,12364500,META
2025-03-17,604.9000244140625,613.0999755859375,598.0,607.4600219726562,15473900,META
2025-03-18,582.3599853515625,600.25,574.6599731445312,600.0499877929688,20297700,META
2025-03-19,584.0599975585938,592.3200073242188,574.77001953125,584.280029296875,20537500,META
2025-03-20,586.0,610.2000122070312,579.510009765625,582.760009765625,24336500,META
2025-03-21,596.25,597.5399780273438,580.9500122070312,583.4199829101562,25015900,META
2025-03-24,618.8499755859375,622.5399780273438,612.2000122070312,614.969970703125,15741300,META
2025-03-25,626.3099975585938,633.8800048828125,621.1799926757812,626.760009765625,15312500,META
2025-03-26,610.97998046875,626.75,606.6099853515625,624.8900146484375,12609800,META
2025-03-27,602.5800170898438,614.25,600.0999755859375,602.0,10436500,META
2025-03-28,576.739990234375,601.75,573.9199829101562,600.3099975585938,17602800,META
2025-03-31,576.3599853515625,578.7000122070312,553.2999877929688,563.5,21124700,META
,NVDA,NVDA,NVDA,NVDA,NVDA,
2024-11-01,135.3782196044922,137.2879161101812,134.5483665061615,134.67833522595924,207127800,NVDA
2024-11-04,136.0281219482422,138.9376575905799,135.54820341905642,137.18793904541485,187528200,NVDA
2024-11-05,139.8874969482422,140.3474144064953,137.30791015086248,137.4278859649573,160537400,NVDA
2024-11-06,145.58656311035156,146.46642634688735,141.93715671974996,142.93699575896497,242043900,NVDA
2024-11-07,148.85606384277344,148.9060435973239,146.14649291865044,146.3664587614797,207323300,NVDA
2024-11-08,147.6062469482422,149.74590195013883,146.236457046531,148.7460628790407,175665800,NVDA
2024-11-11,145.23663330078125,148.82606753959354,143.54691790764704,148.65608145399648,182325600,NVDA
2024-11-12,148.26612854003906,149.62591028148023,145.98649668767203,146.7563770410738,198634700,NVDA
2024-11-13,146.2464599609375,149.30596496785506,145.87650914358065,149.04601231096433,191903300,NVDA
2024-11-14,146.7363739013672,148.97601887199116,145.52657719098687,147.6162371498861,194463300,NVDA
2024-11-15,141.9571533203125,145.2166386002855,140.05746510375218,144.8466877533126,250132900,NVDA
2024-11-18,140.12744140625,141.52722527651324,137.1279241566863,139.47755210471132,221866000,NVDA
2024-11-19,146.98634338378906,147.10633445236968,140.96732287230222,141.2972716123141,227834900,NVDA
2024-11-20,145.8665313720703,147.53626090336707,142.70703603144835,147.38629113505743,309871700,NVDA
2024-11-21,146.6464080810547,152.8654088901037,140.67736706254192,149.32598496889756,400946600,NVDA
2024-11-22,141.92715454101562,147.13632286743956,141.07730047570033,145.90650981286518,236406200,NVDA
2024-11-25,135.9981231689453,142.02715192160386,135.79815839357323,141.9671640146257,344941900,NVDA
2024-11-26,136.89797973632812,139.277601884859,135.64818075181995,137.6778530821544,190287700,NVDA
2024-11-27,135.31822204589844,137.19792446250455,131.77879829463743,134.98827330747284,226370900,NVDA
2024-11-29,138.22776794433594,139.32759715528792,136.02812477876728,136.75800311530705,141863200,NVDA
2024-12-02,138.60769653320312,140.42739572538855,137.7978293194704,138.8076612979231,171682800,NVDA
2024-12-03,140.23744201660156,140.51739577472358,137.92781588392697,138.23776359782383,164414000,NVDA
2024-12-04,145.1166534423828,145.76654278655016,140.26742746830917,141.97715912549498,231224300,NVDA
2024-12-05,145.04666137695312,146.52652104015894,143.93676281520223,145.0966598316491,172621200,NVDA
2024-12-06,142.42689514160156,145.68658966441174,141.29699424160657,144.58670004061705,188505600,NVDA
2024-12-09,138.79722595214844,139.93712045292858,137.1173878488451,138.9572148926683,189308600,NVDA
2024-12-10,135.05758666992188,141.80696595909077,133.77769033829185,138.99721154250668,210020900,NVDA
2024-12-11,139.29718017578125,140.15710166074888,135.19756655561218,137.3473626393387,184905200,NVDA
2024-12-12,137.32736206054688,138.42726697152892,135.7875104425574,137.0673914713081,159211400,NVDA
2024-12-13,134.23765563964844,139.58716980719961,132.52780616182653,138.92722683278515,231514900,NVDA
2024-12-16,131.98785400390625,134.38762706465963,130.40799755691268,134.16764608739564,237951100,NVDA
2024-12-17,130.3780059814453,131.57789255271604,126.84833189511964,129.07812250532473,259410300,NVDA
2024-12-18,128.8981475830078,136.68742440979707,128.2682006428492,133.84768927135005,277444500,NVDA
2024-12-19,130.66796875,134.01766661792476,129.5380830968377,131.7478712095932,209719200,NVDA
2024-12-20,134.68760681152344,135.26755529215387,128.20820713472543,129.7980572196654,306528600,NVDA
2024-12-23,139.6571502685547,139.77713434768583,135.1075657604122,136.2674627166313,176053500,NVDA
2024-12-24,140.2071075439453,141.88694573903672,138.6372445869122,139.98712655305678,105157000,NVDA
2024-12-26,139.91712951660156,140.8370583714796,137.7173348045662,139.68715493157526,116205600,NVDA
2024-12-27,136.9973907470703,139.00721560881072,134.69761453351015,138.53725762424156,170582600,NVDA
2024-12-30,137.47735595703125,140.2570989672278,134.00767398793965,134.81759702407376,167734700,NVDA
2024-12-31,134.27764892578125,138.05731549303724,133.8176997545706,138.0173106258272,155659200,NVDA
2025-01-02,138.29727172851562,138.8672266066605,134.61761764692358,135.98748671158143,198247200,NVDA
2025-01-03,144.4567108154297,144.88666393436952,139.71714137538024,139.99711439640743,229322500,NVDA
2025-01-06,149.41624450683594,152.14600432101588,147.80640728049391,148.57632545203526,265377400,NVDA
2025-01-07,140.12710571289062,153.1159160516902,139.99711279126652,153.0159191493047,351782200,NVDA
2025-01-08,140.0971221923828,143.9367655713296,137.5473535279277,142.5668963792699,227349900,NVDA
2025-01-10,135.8975067138672,139.90713250101766,134.20765966847648,137.43735839735214,207602500,NVDA
2025-01-13,133.21774291992188,133.47772877314173,129.49808381781634,129.97805065881337,204808900,NVDA
2025-01-14,131.7478790283203,136.3674645891877,130.03804480886453,136.0374931021696,195590500,NVDA
2025-01-15,136.22747802734375,136.43745017340345,131.277920981104,133.63770458598145,185217300,NVDA
2025-01-16,133.55772399902344,138.73724031386243,133.47772952507327,138.6272498193542,209235600,NVDA
2025-01-17,137.6973419189453,138.48726255165812,135.44754884500142,136.67743145335606,201188800,NVDA
2025-01-21,140.81704711914062,141.8169551308445,137.07738566270945,139.14720257048143,197749000,NVDA
2025-01-22,147.05648803710938,147.77640781491758,143.65679142482674,144.64670591256592,237651400,NVDA
2025-01-23,147.2064666748047,147.2164602628041,143.706788444335,145.03666800279981,155915500,NVDA
2025-01-24,142.60687255859375,148.95629439391405,141.86695041120194,148.35634349735062,234657600,NVDA
2025-01-27,118.40910339355469,128.3881809500624,116.68926041493282,124.78852130861458,818830900,NVDA
2025-01-28,128.9781494140625,128.9881430022562,116.23931491482392,121.79880142784785,579666400,NVDA
2025-01-29,123.6886215209961,126.87833061040895,120.03896327722832,126.48836708502724,467120600,NVDA
2025-01-30,124.63853454589844,124.9885008224628,118.08913405132431,123.08867408422283,392925500,NVDA
2025-01-31,120.0589599609375,127.83824341487099,119.1790436181177,123.76861793270326,390372900,NVDA
2025-02-03,116.64927673339844,118.55909714130068,112.99961082645434,114.7394486968032,371235700,NVDA
2025-02-04,118.63909149169922,121.1888524384042,116.68926621972048,116.94924444838958,256550000,NVDA
2025-02-05,124.81851959228516,124.98850212428793,120.74889426826606,121.74880228526035,262230800,NVDA
2025-02-06,128.66815185546875,128.7581551695,125.19847756454047,127.40827329026631,251483600,NVDA
2025-02-07,129.8280487060547,130.35799871586244,124.9884977355082,129.20811063964976,228186300,NVDA
2025-02-10,133.55772399902344,134.98758517024453,129.94805537047182,130.0780330404282,216989100,NVDA
2025-02-11,132.7877960205078,134.4676342706669,131.0079608594355,132.56781502240796,178902400,NVDA
2025-02-12,131.12794494628906,132.22784993678553,129.0681367435288,130.00805277951918,160278600,NVDA
2025-02-13,135.27755737304688,136.487452862588,131.15794096754342,131.54790450828392,197430000,NVDA
2025-02-14,138.8372344970703,139.23719160158925,135.4875365315285,136.46744211776974,195479600,NVDA
2025-02-18,139.38717651367188,143.4268135927519,137.91731045487123,141.25701494818574,219176600,NVDA
2025-02-19,139.21719360351562,141.34700263351252,137.2073839146051,139.49716663707372,167536000,NVDA
2025-02-20,140.0971221923828,140.6470746897965,136.7774200315485,140.01712771481476,143903600,NVDA
2025-02-21,134.41763305664062,141.4470007486669,134.01767593596887,140.02711787829398,228217600,NVDA
2025-02-24,130.2680206298828,138.57725415414035,130.06804206967678,136.5474420161462,251381100,NVDA
2025-02-25,126.61835479736328,130.18802626376245,124.42856133510212,129.96804527013506,271428700,NVDA
2025-02-26,131.26792907714844,133.71770077604796,128.478192299153,129.97805439122038,322553800,NVDA
2025-02-27,120.13895416259766,134.99758082030266,119.99896764539281,134.9875872324259,443175800,NVDA
2025-02-28,124.90850830078125,125.07849083366686,116.38929530836823,118.00914142194866,389091100,NVDA
2025-03-03,114.04950714111328,123.68861991301428,112.26967207329028,123.49864257535764,411381400,NVDA
2025-03-04,115.97933197021484,119.29902637351395,110.09987541363249,110.63982667322061,398163300,NVDA
2025-03-05,117.28921508789062,118.26912068620358,114.49947076595478,117.56918811598004,284337900,NVDA
2025-03-06,110.55982971191406,115.3393888375433,110.209863429875,113.51955654224739,321181900,NVDA
2025-03-07,112.67964172363281,113.46957000648335,107.5501084934214,111.2397716760376,341755500,NVDA
2025-03-10,106.97016143798828,111.83970852661247,105.45029700249104,109.88989097369002,366487400,NVDA
2025-03-11,108.75,112.22967568900775,104.76036144852146,106.98015850635034,354865700,NVDA
2025-03-12,115.73999786376953,116.76000213623047,112.87999725341797,114.12000274658203,323857500,NVDA
2025-03-13,115.58000183105469,117.76000213623047,113.79000091552734,117.02999877929688,299033100,NVDA
2025-03-14,121.66999816894531,121.87999725341797,118.1500015258789,118.61000061035156,277593500,NVDA
2025-03-17,119.52999877929688,122.88999938964844,118.02999877929688,122.73999786376953,255501500,NVDA
2025-03-18,115.43000030517578,119.0199966430664,114.54000091552734,118.0,299686900,NVDA
2025-03-19,117.5199966430664,120.44999694824219,115.68000030517578,117.2699966430664,273426200,NVDA
2025-03-20,118.52999877929688,120.19999694824219,116.47000122070312,116.55000305175781,248829700,NVDA
2025-03-21,117.69999694824219,117.98999786376953,115.41999816894531,116.94000244140625,266498500,NVDA
2025-03-24,121.41000366210938,122.22000122070312,119.33999633789062,119.87999725341797,228452500,NVDA
2025-03-25,120.69000244140625,121.29000091552734,118.91999816894531,120.55000305175781,167447200,NVDA
2025-03-26,113.76000213623047,118.83999633789062,112.70999908447266,118.7300033569336,293463300,NVDA
2025-03-27,111.43000030517578,114.44999694824219,110.66000366210938,111.3499984741211,236902100,NVDA
2025-03-28,109.66999816894531,112.87000274658203,109.06999969482422,111.48999786376953,229872500,NVDA
2025-03-31,108.37999725341797,110.95999908447266,103.6500015258789,105.12999725341797,299212700,NVDA
,BTC-USD,BTC-USD,BTC-USD,BTC-USD,BTC-USD,
2024-11-01,69482.46875,71559.015625,68779.703125,70216.8984375,49989795365,BTC-USD
2024-11-02,69289.2734375,69867.3515625,69033.71875,69486.0234375,18184612091,BTC-USD
2024-11-03,68741.1171875,69361.65625,67482.5234375,69296.3828125,34868307655,BTC-USD
2024-11-04,67811.5078125,69433.1796875,66803.6484375,68742.1328125,41184819348,BTC-USD
2024-11-05,69359.5625,70522.7890625,67458.8671875,67811.171875,46046889204,BTC-USD
2024-11-06,75639.078125,76460.15625,69322.03125,69358.5,118592653963,BTC-USD
2024-11-07,75904.859375,76943.1171875,74480.421875,75637.0859375,63467654989,BTC-USD
2024-11-08,76545.4765625,77252.75,75648.7421875,75902.8359375,55176858003,BTC-USD
2024-11-09,76778.8671875,76932.765625,75773.7890625,76556.1875,29009480361,BTC-USD
2024-11-10,80474.1875,81474.421875,76565.4296875,76775.546875,82570594495,BTC-USD
2024-11-11,88701.484375,89604.5,80283.25,80471.4140625,117966845037,BTC-USD
2024-11-12,87955.8125,89956.8828125,85155.109375,88705.5625,133673285375,BTC-USD
2024-11-13,90584.1640625,93434.3515625,86256.9296875,87929.96875,123559027869,BTC-USD
2024-11-14,87250.4296875,91765.21875,86682.8125,90574.8828125,87616705248,BTC-USD
2024-11-15,91066.0078125,91868.7421875,87124.8984375,87284.1796875,78243109518,BTC-USD
2024-11-16,90558.4765625,91763.9453125,90094.2265625,91064.3671875,44333192814,BTC-USD
2024-11-17,89845.8515625,91433.0390625,88741.6640625,90558.4609375,46350159305,BTC-USD
2024-11-18,90542.640625,92596.7890625,89393.59375,89843.71875,75535775084,BTC-USD
2024-11-19,92343.7890625,94002.8671875,90426.984375,90536.8125,74521048295,BTC-USD
2024-11-20,94339.4921875,94902.0234375,91619.5,92341.890625,71730956426,BTC-USD
2024-11-21,98504.7265625,99014.21875,94132.6015625,94334.640625,106024505582,BTC-USD
2024-11-22,98997.6640625,99655.5,97222.6640625,98496.4296875,78473580551,BTC-USD
2024-11-23,97777.28125,99014.6796875,97232.890625,99006.7421875,44414644677,BTC-USD
2024-11-24,98013.8203125,98647.1796875,95788.078125,97778.09375,51712020623,BTC-USD
2024-11-25,93102.296875,98935.03125,92642.9140625,98033.4453125,80909462490,BTC-USD
2024-11-26,91985.3203125,94991.75,90770.8125,93087.28125,91656519855,BTC-USD
2024-11-27,95962.53125,97361.1796875,91778.6640625,91978.140625,71133452438,BTC-USD
2024-11-28,95652.46875,96650.203125,94677.3515625,95954.9453125,52260008261,BTC-USD
2024-11-29,97461.5234375,98693.171875,95407.8828125,95653.953125,54968682476,BTC-USD
2024-11-30,96449.0546875,97499.34375,96144.21875,97468.8125,31634227866,BTC-USD
2024-12-01,97279.7890625,97888.125,95770.1875,96461.3359375,36590695296,BTC-USD
2024-12-02,95865.3046875,98152.6015625,94482.8671875,97276.0078125,72680784305,BTC-USD
2024-12-03,96002.1640625,96297.203125,93629.5625,95854.59375,67067810961,BTC-USD
2024-12-04,98768.53125,99207.328125,94660.5234375,95988.53125,77199817112,BTC-USD
2024-12-05,96593.5703125,103900.46875,91998.78125,98741.5390625,149218945580,BTC-USD
2024-12-06,99920.7109375,102039.8828125,96514.875,97074.2265625,94534772658,BTC-USD
2024-12-07,99923.3359375,100563.3828125,99030.8828125,99916.7109375,44177510897,BTC-USD
2024-12-08,101236.015625,101399.9921875,98771.515625,99921.9140625,44125751925,BTC-USD
2024-12-09,97432.71875,101272.5078125,94355.9140625,101237.0625,110676473908,BTC-USD
2024-12-10,96675.4296875,98270.15625,94321.2578125,97441.234375,104823780634,BTC-USD
2024-12-11,101173.03125,101913.359375,95747.2265625,96656.0625,85391409936,BTC-USD
2024-12-12,100043.0,102524.9140625,99339.953125,101167.8046875,72073983533,BTC-USD
2024-12-13,101459.2578125,101888.8046875,99233.28125,100046.6484375,56894751583,BTC-USD
2024-12-14,101372.96875,102618.8828125,100634.0546875,101451.4375,40422968793,BTC-USD
2024-12-15,104298.6953125,105047.5390625,101227.03125,101373.53125,51145914137,BTC-USD
2024-12-16,106029.71875,107780.578125,103322.984375,104293.578125,91020417816,BTC-USD
2024-12-17,106140.6015625,108268.4453125,105291.734375,106030.6875,68589364868,BTC-USD
2024-12-18,100041.5390625,106470.609375,100041.5390625,106147.296875,93865656139,BTC-USD
2024-12-19,97490.953125,102748.1484375,95587.6796875,100070.6875,97221662392,BTC-USD
2024-12-20,97755.9296875,98098.9140625,92175.1796875,97484.6953125,105634083408,BTC-USD
2024-12-21,97224.7265625,99507.1015625,96426.5234375,97756.1953125,51765334294,BTC-USD
2024-12-22,95104.9375,97360.265625,94202.1875,97218.3203125,43147981314,BTC-USD
2024-12-23,94686.2421875,96416.2109375,92403.1328125,95099.390625,65239002919,BTC-USD
2024-12-24,98676.09375,99404.0625,93448.015625,94684.34375,47114953674,BTC-USD
2024-12-25,99299.1953125,99478.75,97593.46875,98675.9140625,33700394629,BTC-USD
2024-12-26,95795.515625,99884.5703125,95137.8828125,99297.6953125,47054980873,BTC-USD
2024-12-27,94164.859375,97294.84375,93310.7421875,95704.9765625,52419934565,BTC-USD
2024-12-28,95163.9296875,95525.8984375,94014.2890625,94160.1875,24107436185,BTC-USD
2024-12-29,93530.2265625,95174.875,92881.7890625,95174.0546875,29635885267,BTC-USD
2024-12-30,92643.2109375,94903.3203125,91317.1328125,93527.1953125,56188003691,BTC-USD
2024-12-31,93429.203125,96090.6015625,91914.03125,92643.25,43625106843,BTC-USD
2025-01-01,94419.7578125,94929.8671875,92788.125,93425.1015625,24519888919,BTC-USD
2025-01-02,96886.875,97739.8203125,94201.5703125,94416.2890625,46009564411,BTC-USD
2025-01-03,98107.4296875,98956.9140625,96034.6171875,96881.7265625,35611391163,BTC-USD
2025-01-04,98236.2265625,98734.4296875,97562.9765625,98106.9921875,22342608078,BTC-USD
2025-01-05,98314.9609375,98813.3046875,97291.765625,98233.90625,20525254825,BTC-USD
2025-01-06,102078.0859375,102482.875,97926.1484375,98314.953125,51823432705,BTC-USD
2025-01-07,96922.703125,102712.484375,96132.875,102248.8515625,58685738547,BTC-USD
2025-01-08,95043.5234375,97258.3203125,92525.84375,96924.1640625,63875859171,BTC-USD
2025-01-09,92484.0390625,95349.71875,91220.84375,95043.484375,62777261693,BTC-USD
2025-01-10,94701.453125,95770.609375,92250.09375,92494.4921875,62058693684,BTC-USD
2025-01-11,94566.59375,94977.6875,93840.046875,94700.8359375,18860894100,BTC-USD
2025-01-12,94488.4375,95367.5390625,93712.5078125,94565.7265625,20885130965,BTC-USD
2025-01-13,94516.5234375,95837.0,89260.1015625,94488.890625,72978998252,BTC-USD
2025-01-14,96534.046875,97352.6640625,94322.15625,94519.0078125,53769675818,BTC-USD
2025-01-15,100504.4921875,100697.234375,96501.640625,96534.046875,57805923627,BTC-USD
2025-01-16,99756.90625,100781.5859375,97364.4453125,100505.296875,54103781805,BTC-USD
2025-01-17,104462.0390625,105884.2265625,99948.90625,100025.765625,71888972663,BTC-USD
2025-01-18,104408.0703125,104913.203125,102226.6171875,104124.953125,50445655726,BTC-USD
2025-01-19,101089.609375,106299.796875,99570.53125,104411.2890625,76789928525,BTC-USD
2025-01-20,102016.6640625,109114.8828125,99471.359375,101083.75,126279678351,BTC-USD
2025-01-21,106146.265625,107180.921875,100103.953125,102052.578125,88733878242,BTC-USD
2025-01-22,103653.0703125,106294.34375,103360.265625,106136.3828125,53878181052,BTC-USD
2025-01-23,103960.171875,106820.328125,101257.8046875,103657.671875,104104515428,BTC-USD
2025-01-24,104819.484375,107098.546875,102772.125,103965.671875,52388229265,BTC-USD
2025-01-25,104714.6484375,105243.7890625,104120.375,104824.03125,23888996502,BTC-USD
2025-01-26,102682.5,105438.6484375,102507.7109375,104713.2109375,22543395879,BTC-USD
2025-01-27,102087.6875,103214.109375,97795.9375,102680.3046875,89006608428,BTC-USD
2025-01-28,101332.4765625,103730.8203125,100238.1875,102095.4140625,47180685494,BTC-USD
2025-01-29,103703.2109375,104750.8046875,101283.8203125,101317.5234375,47432049818,BTC-USD
2025-01-30,104735.3046875,106418.765625,103321.6484375,103709.3359375,41915744521,BTC-USD
2025-01-31,102405.0234375,106026.3515625,101543.8828125,104737.5625,45732764360,BTC-USD
2025-02-01,100655.90625,102755.7265625,100297.7109375,102402.796875,27757944848,BTC-USD
2025-02-02,97688.9765625,101430.6640625,96216.078125,100661.5390625,63091816853,BTC-USD
2025-02-03,101405.421875,102514.171875,91242.890625,97681.1015625,115400897748,BTC-USD
2025-02-04,97871.8203125,101745.6171875,96208.109375,101398.71875,73002130211,BTC-USD
2025-02-05,96615.4453125,99113.2109375,96174.828125,97878.0078125,49125911241,BTC-USD
2025-02-06,96593.296875,99168.609375,95707.3515625,96610.640625,45302471947,BTC-USD
2025-02-07,96529.0859375,100154.140625,95653.8828125,96581.3203125,55741290456,BTC-USD
2025-02-08,96482.453125,96877.8046875,95702.4921875,96533.2578125,22447526395,BTC-USD
2025-02-09,96500.09375,97325.28125,94745.2578125,96481.3125,27732901800,BTC-USD
2025-02-10,97437.5546875,98333.21875,95320.84375,96499.4609375,40078962391,BTC-USD
2025-02-11,95747.4296875,98492.8984375,94875.0390625,97438.1328125,37488783272,BTC-USD
2025-02-12,97885.859375,98151.0234375,94101.203125,95745.6953125,49340445530,BTC-USD
2025-02-13,96623.8671875,98111.0859375,95269.7109375,97888.75,37147280860,BTC-USD
2025-02-14,97508.96875,98819.46875,96342.8046875,96623.3671875,32697987277,BTC-USD
2025-02-15,97580.3515625,97975.0390625,97240.1953125,97508.3828125,17047266288,BTC-USD
2025-02-16,96175.03125,97725.59375,96060.9765625,97580.4921875,16536755396,BTC-USD
2025-02-17,95773.3828125,97032.234375,95243.546875,96179.0078125,27336550690,BTC-USD
2025-02-18,95539.546875,96695.375,93388.8359375,95773.8125,37325720482,BTC-USD
2025-02-19,96635.609375,96855.59375,95011.96875,95532.53125,28990872862,BTC-USD
2025-02-20,98333.9375,98767.1953125,96442.671875,96632.6796875,31668022771,BTC-USD
2025-02-21,96125.546875,99497.96875,94852.9609375,98340.671875,49608706470,BTC-USD
2025-02-22,96577.7578125,96950.15625,95765.34375,96134.203125,18353824477,BTC-USD
2025-02-23,96273.921875,96671.875,95270.453125,96577.8046875,16999478976,BTC-USD
2025-02-24,91418.171875,96503.453125,91371.7421875,96277.9609375,44046480529,BTC-USD
2025-02-25,88736.171875,92511.078125,86008.234375,91437.1171875,92139104128,BTC-USD
2025-02-26,84347.0234375,89286.25,82131.8984375,88638.890625,64597492134,BTC-USD
2025-02-27,84704.2265625,87000.78125,83144.9609375,84076.859375,52659591954,BTC-USD
2025-02-28,84373.0078125,85036.3203125,78248.9140625,84705.625,83610570576,BTC-USD
2025-03-01,86031.9140625,86522.3046875,83794.234375,84373.8671875,29190628396,BTC-USD
2025-03-02,94248.3515625,95043.4375,85040.2109375,86036.2578125,58398341092,BTC-USD
2025-03-03,86065.671875,94429.75,85081.3046875,94248.421875,70072228536,BTC-USD
2025-03-04,87222.1953125,88911.2734375,81529.2421875,86064.0703125,68095241474,BTC-USD
2025-03-05,90623.5625,90998.2421875,86379.7734375,87222.953125,50498988027,BTC-USD
2025-03-06,89961.7265625,92804.9375,87852.140625,90622.359375,47749810486,BTC-USD
2025-03-07,86742.671875,91191.046875,84717.6796875,89963.28125,65945677657,BTC-USD
2025-03-08,86154.59375,86847.265625,85247.484375,86742.65625,18206118081,BTC-USD
2025-03-09,80601.0390625,86471.1328125,80052.484375,86154.3046875,30899345977,BTC-USD
2025-03-10,78532.0,83955.9296875,77420.59375,80597.1484375,54061099422,BTC-USD
2025-03-11,82862.2109375,83577.7578125,76624.25,78523.875,54702837196,BTC-USD
2025-03-12,83722.359375,84358.578125,80635.25,82857.375,40353484454,BTC-USD
2025-03-13,81066.703125,84301.6953125,79931.8515625,83724.921875,31412940153,BTC-USD
2025-03-14,83969.1015625,85263.2890625,80797.5625,81066.9921875,29588112414,BTC-USD
2025-03-15,84343.109375,84672.671875,83639.59375,83968.40625,13650491277,BTC-USD
2025-03-16,82579.6875,85051.6015625,82017.90625,84333.3203125,21330270174,BTC-USD
2025-03-17,84075.6875,84725.328125,82492.15625,82576.3359375,25092785558,BTC-USD
2025-03-18,82718.5,84075.71875,81179.9921875,84075.71875,24095774594,BTC-USD
2025-03-19,86854.2265625,87021.1875,82569.7265625,82718.8046875,34931960257,BTC-USD
2025-03-20,84167.1953125,87443.265625,83647.1953125,86872.953125,29028988961,BTC-USD
2025-03-21,84043.2421875,84782.2734375,83171.0703125,84164.5390625,19030452299,BTC-USD
2025-03-22,83832.484375,84513.875,83674.78125,84046.2578125,9863214091,BTC-USD
2025-03-23,86054.375,86094.78125,83794.9140625,83831.8984375,12594615537,BTC-USD
2025-03-24,87498.9140625,88758.7265625,85541.1953125,86070.9296875,34582604933,BTC-USD
2025-03-25,87471.703125,88542.3984375,86346.078125,87512.8203125,30005840049,BTC-USD
2025-03-26,86900.8828125,88292.15625,85861.453125,87460.234375,26704046038,BTC-USD
2025-03-27,87177.1015625,87786.7265625,85837.9375,86896.2578125,24413471941,BTC-USD
2025-03-28,84353.1484375,87489.859375,83557.640625,87185.234375,34198619509,BTC-USD
2025-03-29,82597.5859375,84567.3359375,81634.140625,84352.0703125,16969396135,BTC-USD
2025-03-30,82334.5234375,83505.0,81573.25,82596.984375,14763760943,BTC-USD
2025-03-31,82548.9140625,83870.125,81293.890625,82336.0625,29004228247,BTC-USD
,ETH-USD,ETH-USD,ETH-USD,ETH-USD,ETH-USD,
2024-11-01,2511.885498046875,2583.777099609375,2467.8193359375,2515.870361328125,20215438328,ETH-USD
2024-11-02,2491.068603515625,2522.360595703125,2471.95556640625,2512.208251953125,9639457439,ETH-USD
2024-11-03,2456.42529296875,2495.4365234375,2411.3984375,2491.094482421875,15667779706,ETH-USD
2024-11-04,2397.0263671875,2488.350341796875,2359.578125,2456.09521484375,17110200696,ETH-USD
2024-11-05,2422.650634765625,2478.618896484375,2380.601318359375,2397.036376953125,17894057485,ETH-USD
2024-11-06,2724.169189453125,2743.964111328125,2421.81298828125,2422.539306640625,41887574364,ETH-USD
2024-11-07,2895.58544921875,2918.744384765625,2701.5908203125,2724.005859375,35352318438,ETH-USD
2024-11-08,2962.296630859375,2983.744873046875,2889.484375,2895.597900390625,32303261101,ETH-USD
2024-11-09,3131.14453125,3156.3662109375,2957.182373046875,2962.791015625,29210133088,ETH-USD
2024-11-10,3191.331298828125,3249.9140625,3073.248779296875,3130.729248046875,47418730187,ETH-USD
2024-11-11,3374.81298828125,3389.529296875,3109.76953125,3191.656982421875,55417771668,ETH-USD
2024-11-12,3246.25732421875,3444.154052734375,3211.198486328125,3375.15478515625,56686078066,ETH-USD
2024-11-13,3192.595947265625,3337.877197265625,3121.666015625,3244.543212890625,52010205682,ETH-USD
2024-11-14,3058.94873046875,3240.270751953125,3032.971923828125,3192.5205078125,35743352141,ETH-USD
2024-11-15,3103.04052734375,3130.703857421875,3016.14404296875,3059.526123046875,32701369872,ETH-USD
2024-11-16,3133.27392578125,3218.089599609375,3073.286376953125,3089.739990234375,26650658846,ETH-USD
2024-11-17,3075.66162109375,3160.152587890625,3039.246826171875,3133.306640625,28348163224,ETH-USD
2024-11-18,3207.8564453125,3225.130615234375,3052.4912109375,3075.722900390625,35445557613,ETH-USD
2024-11-19,3111.384033203125,3222.00439453125,3070.36279296875,3208.25048828125,29823634432,ETH-USD
2024-11-20,3072.18798828125,3159.949462890625,3032.603271484375,3111.116943359375,29785491216,ETH-USD
2024-11-21,3361.053955078125,3388.54296875,3035.8466796875,3072.05517578125,51619069348,ETH-USD
2024-11-22,3331.600830078125,3428.46044921875,3262.808837890625,3360.654296875,36775716442,ETH-USD
2024-11-23,3396.223388671875,3499.370849609375,3317.65478515625,3331.6455078125,38835184688,ETH-USD
2024-11-24,3363.659912109375,3451.80224609375,3288.430908203125,3396.99951171875,27901454185,ETH-USD
2024-11-25,3413.5439453125,3545.27880859375,3304.093994140625,3364.6015625,51544793988,ETH-USD
2024-11-26,3326.517333984375,3461.29296875,3255.54296875,3412.950927734375,39902959158,ETH-USD
2024-11-27,3657.249267578125,3687.009033203125,3303.56787109375,3326.029052734375,43383987191,ETH-USD
2024-11-28,3579.8115234375,3664.878173828125,3531.87060546875,3656.609619140625,32362724276,ETH-USD
2024-11-29,3593.494384765625,3647.264404296875,3538.44677734375,3579.91064453125,27622629486,ETH-USD
2024-11-30,3705.705322265625,3739.934814453125,3572.254150390625,3593.59814453125,30670867436,ETH-USD
2024-12-01,3711.1650390625,3747.455322265625,3663.234130859375,3706.619873046875,28018113530,ETH-USD
2024-12-02,3644.198486328125,3761.343017578125,3557.252197265625,3710.495361328125,47284967570,ETH-USD
2024-12-03,3620.711669921875,3670.2197265625,3504.226318359375,3643.7421875,36839829742,ETH-USD
2024-12-04,3841.3310546875,3895.17431640625,3617.74462890625,3620.03759765625,56799745752,ETH-USD
2024-12-05,3811.00830078125,3956.54150390625,3683.4208984375,3840.844482421875,60568296606,ETH-USD
2024-12-06,4005.810546875,4093.172119140625,3782.681396484375,3792.20849609375,52853668566,ETH-USD
2024-12-07,4002.692626953125,4029.452880859375,3974.17626953125,4006.02880859375,22574636761,ETH-USD
2024-12-08,4005.70458984375,4018.0,3927.85400390625,4007.690673828125,20943378971,ETH-USD
2024-12-09,3718.6904296875,4008.77783203125,3525.23291015625,4006.101806640625,57029832059,ETH-USD
2024-12-10,3631.833740234375,3780.75341796875,3520.365234375,3719.00048828125,58416417599,ETH-USD
2024-12-11,3832.822021484375,3850.765380859375,3567.56640625,3631.276123046875,35968053196,ETH-USD
2024-12-12,3883.1015625,3987.005859375,3800.0908203125,3833.172119140625,42971675764,ETH-USD
2024-12-13,3911.205322265625,3967.395263671875,3855.023681640625,3883.030029296875,34895127659,ETH-USD
2024-12-14,3868.4052734375,3943.278076171875,3826.761962890625,3910.847900390625,28756190559,ETH-USD
2024-12-15,3951.941162109375,3971.498046875,3832.0966796875,3868.441162109375,25069616984,ETH-USD
2024-12-16,3987.48095703125,4106.95556640625,3882.705322265625,3951.65283203125,46536359669,ETH-USD
2024-12-17,3886.76611328125,4040.337890625,3849.28662109375,3987.333984375,35418700472,ETH-USD
2024-12-18,3618.791259765625,3902.715576171875,3617.840576171875,3886.886962890625,48946681636,ETH-USD
2024-12-19,3417.927978515625,3717.662353515625,3330.87255859375,3619.58203125,58879190250,ETH-USD
2024-12-20,3472.553466796875,3496.327392578125,3098.20361328125,3417.93017578125,66383827229,ETH-USD
2024-12-21,3337.222412109375,3552.921630859375,3293.505615234375,3472.589111328125,31579389836,ETH-USD
2024-12-22,3277.53515625,3398.657470703125,3219.294921875,3336.998779296875,24780768375,ETH-USD
2024-12-23,3415.785400390625,3461.52783203125,3217.36865234375,3277.51416015625,34496081389,ETH-USD
2024-12-24,3492.0498046875,3535.857666015625,3355.609130859375,3415.738037109375,23083678195,ETH-USD
2024-12-25,3493.2353515625,3542.833740234375,3440.09716796875,3491.95751953125,17651873225,ETH-USD
2024-12-26,3331.225830078125,3512.6044921875,3302.306396484375,3493.30419921875,22247726776,ETH-USD
2024-12-27,3328.9169921875,3436.710693359375,3302.57568359375,3331.0537109375,24091627403,ETH-USD
2024-12-28,3397.90234375,3419.920166015625,3318.033935546875,3328.774658203125,14305648523,ETH-USD
2024-12-29,3349.513427734375,3406.6484375,3321.664794921875,3397.862548828125,13440907792,ETH-USD
2024-12-30,3356.392578125,3428.52734375,3298.804443359375,3349.5859375,26981583962,ETH-USD
2024-12-31,3332.53173828125,3444.396728515625,3311.41259765625,3356.394775390625,20845452085,ETH-USD
2025-01-01,3353.504150390625,3366.531494140625,3310.255859375,3332.406494140625,14195410493,ETH-USD
2025-01-02,3451.392578125,3493.4482421875,3348.35205078125,3353.412109375,22243574698,ETH-USD
2025-01-03,3605.009765625,3627.0556640625,3421.83154296875,3451.680908203125,21877299255,ETH-USD
2025-01-04,3657.706787109375,3669.19677734375,3574.326904296875,3605.20068359375,16060610759,ETH-USD
2025-01-05,3634.103759765625,3673.81298828125,3594.616943359375,3657.7431640625,12830306908,ETH-USD
2025-01-06,3688.611328125,3743.941650390625,3611.21435546875,3634.11376953125,23973574043,ETH-USD
2025-01-07,3381.577392578125,3701.10693359375,3358.08984375,3688.34130859375,32235312545,ETH-USD
2025-01-08,3326.329345703125,3413.682861328125,3209.214599609375,3381.615478515625,34337730882,ETH-USD
2025-01-09,3219.4306640625,3355.8623046875,3159.384033203125,3326.359619140625,28815726276,ETH-USD
2025-01-10,3267.489990234375,3320.50048828125,3196.1103515625,3219.49658203125,26503845190,ETH-USD
2025-01-11,3282.2177734375,3317.654296875,3219.69873046875,3267.5224609375,11772144561,ETH-USD
2025-01-12,3265.951171875,3298.018310546875,3224.510498046875,3282.150390625,11647743556,ETH-USD
2025-01-13,3135.499755859375,3335.193603515625,2920.5927734375,3266.095458984375,39911742769,ETH-USD
2025-01-14,3223.6845703125,3254.75146484375,3126.805908203125,3135.670166015625,22847737224,ETH-USD
2025-01-15,3450.53759765625,3473.1015625,3186.139892578125,3223.6845703125,25991614661,ETH-USD
2025-01-16,3308.34521484375,3458.1806640625,3265.67578125,3450.30517578125,26395516475,ETH-USD
2025-01-17,3474.107177734375,3525.54345703125,3307.31103515625,3308.191162109375,28200207229,ETH-USD
2025-01-18,3305.78955078125,3493.06005859375,3228.333740234375,3473.563720703125,32420094038,ETH-USD
2025-01-19,3208.96435546875,3444.20654296875,3127.623046875,3305.39794921875,57242875399,ETH-USD
2025-01-20,3278.035400390625,3444.28271484375,3147.52294921875,3208.933837890625,52383187336,ETH-USD
2025-01-21,3327.40625,3365.778076171875,3202.49267578125,3278.43603515625,32804001146,ETH-USD
2025-01-22,3240.224609375,3364.74609375,3223.385986328125,3327.2373046875,22171220981,ETH-USD
2025-01-23,3334.714111328125,3346.732421875,3184.06689453125,3240.475341796875,32419520084,ETH-USD
2025-01-24,3309.554931640625,3424.89990234375,3277.3232421875,3334.808349609375,25578325671,ETH-USD
2025-01-25,3317.26953125,3349.29833984375,3270.273193359375,3309.711669921875,13744316078,ETH-USD
2025-01-26,3236.13427734375,3359.3125,3233.922119140625,3317.29150390625,14471528757,ETH-USD
2025-01-27,3178.92041015625,3250.396484375,3024.091552734375,3235.855224609375,39412486482,ETH-USD
2025-01-28,3077.112548828125,3222.7373046875,3040.09228515625,3179.0869140625,20718206194,ETH-USD
2025-01-29,3112.9990234375,3177.98046875,3055.181640625,3076.380126953125,22727786058,ETH-USD
2025-01-30,3247.780029296875,3282.986328125,3093.123779296875,3113.289794921875,19958405782,ETH-USD
2025-01-31,3298.26513671875,3437.569091796875,3214.935546875,3247.8671875,30128115902,ETH-USD
2025-02-01,3118.32861328125,3329.6552734375,3103.9189453125,3298.822265625,19917507079,ETH-USD
2025-02-02,2868.69287109375,3161.894287109375,2755.474609375,3118.611572265625,42060930305,ETH-USD
2025-02-03,2884.566650390625,2919.477294921875,2159.280517578125,2868.07861328125,92453553253,ETH-USD
2025-02-04,2735.05126953125,2888.25,2636.165771484375,2883.818359375,48795275985,ETH-USD
2025-02-05,2787.779052734375,2824.400146484375,2701.10498046875,2735.225830078125,31960764447,ETH-USD
2025-02-06,2688.40087890625,2857.14208984375,2662.44580078125,2787.65869140625,29500645692,ETH-USD
2025-02-07,2622.211181640625,2798.02880859375,2564.96826171875,2688.8974609375,29526663418,ETH-USD
2025-02-08,2632.308349609375,2665.484619140625,2591.778564453125,2623.001953125,17059263074,ETH-USD
2025-02-09,2628.72119140625,2695.222412109375,2530.435791015625,2632.578125,17517088276,ETH-USD
2025-02-10,2661.166748046875,2692.80859375,2564.0185546875,2628.650146484375,19414208113,ETH-USD
2025-02-11,2602.781982421875,2724.90234375,2565.397216796875,2661.315673828125,21156550492,ETH-USD
2025-02-12,2736.902099609375,2794.867431640625,2551.174560546875,2602.828125,26919387954,ETH-USD
2025-02-13,2675.902587890625,2756.443359375,2615.667724609375,2737.028564453125,19481004625,ETH-USD
2025-02-14,2726.091552734375,2790.023681640625,2666.26806640625,2675.939453125,17732289901,ETH-USD
2025-02-15,2693.559814453125,2738.68115234375,2668.53173828125,2726.07470703125,10803019357,ETH-USD
2025-02-16,2663.31591796875,2724.096435546875,2655.297607421875,2693.5625,10593602117,ETH-USD
2025-02-17,2743.19970703125,2848.7841796875,2640.18212890625,2663.2294921875,24170425078,ETH-USD
2025-02-18,2669.3388671875,2754.6767578125,2606.900390625,2743.02294921875,23004152928,ETH-USD
2025-02-19,2715.77099609375,2735.917724609375,2656.375732421875,2669.21337890625,15272401903,ETH-USD
2025-02-20,2740.386474609375,2770.030517578125,2708.216064453125,2715.6826171875,15917259320,ETH-USD
2025-02-21,2659.655517578125,2842.8271484375,2616.91943359375,2740.022216796875,31441524621,ETH-USD
2025-02-22,2764.029296875,2797.057861328125,2653.867431640625,2660.035888671875,16403164397,ETH-USD
2025-02-23,2821.310302734375,2850.6103515625,2746.773681640625,2764.031005859375,20493767269,ETH-USD
2025-02-24,2513.8212890625,2839.010009765625,2478.8994140625,2820.456298828125,29127380459,ETH-USD
2025-02-25,2493.592529296875,2529.669189453125,2326.632080078125,2514.2109375,40044790246,ETH-USD
2025-02-26,2331.45263671875,2503.422119140625,2255.054931640625,2493.381591796875,28815111323,ETH-USD
2025-02-27,2305.484375,2378.08740234375,2230.4482421875,2331.51025390625,24286213447,ETH-USD
2025-02-28,2237.9052734375,2310.94921875,2076.169921875,2305.56005859375,35737904667,ETH-USD
2025-03-01,2216.643310546875,2279.873046875,2144.090087890625,2237.942138671875,16135258239,ETH-USD
2025-03-02,2519.694580078125,2548.811767578125,2175.321533203125,2216.521728515625,34854193845,ETH-USD
2025-03-03,2145.573974609375,2522.316650390625,2097.076171875,2519.531005859375,31473561910,ETH-USD
2025-03-04,2170.01513671875,2220.358642578125,1996.767578125,2145.65283203125,33935738380,ETH-USD
2025-03-05,2241.977294921875,2272.79736328125,2156.099365234375,2169.98681640625,22105432727,ETH-USD
2025-03-06,2202.476806640625,2319.396240234375,2177.677001953125,2241.906494140625,18509069102,ETH-USD
2025-03-07,2138.987548828125,2254.232421875,2103.47265625,2202.498291015625,22425792863,ETH-USD
2025-03-08,2201.51025390625,2232.3271484375,2107.72802734375,2139.7978515625,10533204814,ETH-USD
2025-03-09,2015.5091552734375,2210.313720703125,1991.1934814453125,2201.708740234375,16103964994,ETH-USD
2025-03-10,1861.1513671875,2150.706298828125,1812.766845703125,2015.430419921875,35005066442,ETH-USD
2025-03-11,1919.844970703125,1961.7977294921875,1760.9417724609375,1859.7777099609375,30898385863,ETH-USD
2025-03-12,1908.982666015625,1954.5711669921875,1832.01904296875,1919.664794921875,22898872951,ETH-USD
2025-03-13,1862.9696044921875,1919.688232421875,1823.525390625,1909.015380859375,17977225564,ETH-USD
2025-03-14,1909.467529296875,1945.0914306640625,1861.10595703125,1862.9979248046875,12122715282,ETH-USD
2025-03-15,1937.3946533203125,1955.2384033203125,1904.9656982421875,1909.528076171875,6456484591,ETH-USD
2025-03-16,1887.43505859375,1940.474365234375,1863.489013671875,1937.384765625,9292997638,ETH-USD
2025-03-17,1927.0029296875,1951.6259765625,1880.484375,1887.44921875,10436892087,ETH-USD
2025-03-18,1932.54345703125,1935.1820068359375,1872.5089111328125,1927.0057373046875,10170844746,ETH-USD
2025-03-19,2057.7490234375,2068.764404296875,1928.24951171875,1932.5445556640625,20065206266,ETH-USD
2025-03-20,1982.099853515625,2067.483642578125,1952.2432861328125,2057.951171875,13217865782,ETH-USD
2025-03-21,1964.8475341796875,1994.8914794921875,1937.2115478515625,1981.85302734375,9708125480,ETH-USD
2025-03-22,1980.037841796875,2005.0411376953125,1964.27099609375,1964.9404296875,6117036512,ETH-USD
2025-03-23,2005.2991943359375,2019.889404296875,1977.7093505859375,1979.983642578125,7522339707,ETH-USD
2025-03-24,2077.47900390625,2101.9833984375,1978.7637939453125,2005.7183837890625,14044912402,ETH-USD
2025-03-25,2067.76416015625,2096.518310546875,2038.64453125,2078.568115234375,11735658914,ETH-USD
2025-03-26,2009.1893310546875,2078.369140625,1982.412353515625,2067.5087890625,13178523590,ETH-USD
2025-03-27,2002.357421875,2037.3961181640625,1987.7177734375,2008.9405517578125,11593274543,ETH-USD
2025-03-28,1895.5029296875,2015.454345703125,1863.0106201171875,2002.4105224609375,18160526498,ETH-USD
2025-03-29,1827.3203125,1911.90087890625,1799.2008056640625,1895.5496826171875,12194771785,ETH-USD
2025-03-30,1806.2186279296875,1847.570556640625,1769.4127197265625,1827.31103515625,9854857162,ETH-USD
2025-03-31,1823.47998046875,1852.5513916015625,1778.6922607421875,1806.3165283203125,15765030938,ETH-USD
,INTC,INTC,INTC,INTC,INTC,
2024-11-01,23.200000762939453,23.579999923706055,21.90999984741211,23.0,173471100,INTC
2024-11-04,22.520000457763672,23.0,22.0,22.959999084472656,84616300,INTC
2024-11-05,23.31999969482422,23.579999923706055,22.399999618530273,22.579999923706055,59153300,INTC
2024-11-06,25.049999237060547,25.1200008392334,24.049999237060547,24.299999237060547,116760500,INTC
2024-11-07,26.229999542236328,26.3799991607666,25.190000534057617,25.43000030517578,101489300,INTC
2024-11-08,26.200000762939453,26.43000030517578,25.829999923706055,26.0,76428000,INTC
2024-11-11,25.049999237060547,26.290000915527344,24.829999923706055,25.959999084472656,80185300,INTC
2024-11-12,24.15999984741211,24.959999084472656,23.889999389648438,24.65999984741211,62539700,INTC
2024-11-13,24.920000076293945,25.139999389648438,24.020000457763672,24.059999465942383,58202000,INTC
2024-11-14,25.030000686645508,25.610000610351562,24.93000030517578,25.1200008392334,49252100,INTC
2024-11-15,24.350000381469727,24.81999969482422,24.229999542236328,24.809999465942383,55104900,INTC
2024-11-18,24.84000015258789,25.020000457763672,24.15999984741211,24.329999923706055,59667300,INTC
2024-11-19,24.200000762939453,24.540000915527344,24.100000381469727,24.5,61190900,INTC
2024-11-20,24.010000228881836,24.209999084472656,23.549999237060547,24.06999969482422,50191500,INTC
2024-11-21,24.440000534057617,24.770000457763672,23.829999923706055,24.079999923706055,58928400,INTC
2024-11-22,24.5,24.68000030517578,24.139999389648438,24.350000381469727,36784700,INTC
2024-11-25,24.8700008392334,25.56999969482422,24.760000228881836,25.040000915527344,91128400,INTC
2024-11-26,24.049999237060547,24.989999771118164,23.809999465942383,24.950000762939453,69613600,INTC
2024-11-27,23.649999618530273,23.93000030517578,23.059999465942383,23.829999923706055,53992300,INTC
2024-11-29,24.049999237060547,24.280000686645508,23.600000381469727,23.719999313354492,36616800,INTC
2024-12-02,23.93000030517578,25.479999542236328,23.440000534057617,24.84000015258789,150497900,INTC
2024-12-03,22.469999313354492,23.75,22.440000534057617,23.68000030517578,138160500,INTC
2024-12-04,21.959999084472656,22.540000915527344,21.809999465942383,22.530000686645508,104649000,INTC
2024-12-05,20.799999237060547,22.190000534057617,20.65999984741211,22.040000915527344,167993500,INTC
2024-12-06,20.920000076293945,21.049999237060547,20.65999984741211,20.950000762939453,78539100,INTC
2024-12-09,20.809999465942383,21.059999465942383,20.729999542236328,20.920000076293945,68818200,INTC
2024-12-10,20.15999984741211,20.860000610351562,19.959999084472656,20.829999923706055,90004800,INTC
2024-12-11,20.1200008392334,20.25,19.8700008392334,20.139999389648438,75209300,INTC
2024-12-12,20.780000686645508,20.899999618530273,19.920000076293945,20.020000457763672,77695000,INTC
2024-12-13,20.34000015258789,20.799999237060547,20.25,20.600000381469727,55104100,INTC
2024-12-16,20.829999923706055,21.100000381469727,20.0,20.170000076293945,73832900,INTC
2024-12-17,20.440000534057617,20.770000457763672,20.290000915527344,20.639999389648438,51767200,INTC
2024-12-18,19.299999237060547,20.579999923706055,19.209999084472656,20.479999542236328,86041200,INTC
2024-12-19,19.059999465942383,19.690000534057617,19.030000686645508,19.530000686645508,69117800,INTC
2024-12-20,19.520000457763672,19.760000228881836,18.899999618530273,18.969999313354492,108453700,INTC
2024-12-23,20.200000762939453,20.229999542236328,19.520000457763672,19.579999923706055,57988400,INTC
2024-12-24,20.399999618530273,20.399999618530273,19.959999084472656,20.219999313354492,29884000,INTC
2024-12-26,20.440000534057617,20.670000076293945,20.079999923706055,20.229999542236328,39846200,INTC
2024-12-27,20.299999237060547,20.610000610351562,20.09000015258789,20.209999084472656,48260800,INTC
2024-12-30,19.81999969482422,20.110000610351562,19.729999542236328,20.010000228881836,59608100,INTC
2024-12-31,20.049999237060547,20.399999618530273,19.8799991607666,19.989999771118164,49846700,INTC
2025-01-02,20.219999313354492,20.43000030517578,20.0,20.229999542236328,46438500,INTC
2025-01-03,20.559999465942383,20.670000076293945,20.059999465942383,20.389999389648438,48983900,INTC
2025-01-06,19.8700008392334,20.979999542236328,19.780000686645508,20.829999923706055,83271000,INTC
2025-01-07,20.010000228881836,20.34000015258789,19.899999618530273,20.020000457763672,61726100,INTC
2025-01-08,19.8799991607666,20.1200008392334,19.709999084472656,19.829999923706055,47897100,INTC
2025-01-10,19.149999618530273,19.65999984741211,18.90999984741211,19.65999984741211,71244600,INTC
2025-01-13,19.200000762939453,19.25,18.729999542236328,18.920000076293945,50669000,INTC
2025-01-14,19.200000762939453,19.520000457763672,18.81999969482422,19.360000610351562,47147500,INTC
2025-01-15,19.719999313354492,19.770000457763672,19.170000076293945,19.399999618530273,56306000,INTC
2025-01-16,19.670000076293945,19.950000762939453,19.399999618530273,19.75,44898100,INTC
2025-01-17,21.489999771118164,21.6200008392334,20.790000915527344,21.260000228881836,166483900,INTC
2025-01-21,21.770000457763672,22.40999984741211,21.75,22.030000686645508,96262200,INTC
2025-01-22,21.860000610351562,22.290000915527344,21.56999969482422,21.729999542236328,60972600,INTC
2025-01-23,21.56999969482422,21.75,21.350000381469727,21.690000534057617,55778200,INTC
2025-01-24,20.829999923706055,21.40999984741211,20.75,21.360000610351562,66300600,INTC
2025-01-27,20.290000915527344,21.059999465942383,20.139999389648438,20.809999465942383,83582100,INTC
2025-01-28,19.799999237060547,20.34000015258789,19.739999771118164,20.34000015258789,73411400,INTC
2025-01-29,19.75,20.079999923706055,19.65999984741211,19.8700008392334,86506800,INTC
2025-01-30,20.010000228881836,20.100000381469727,19.43000030517578,19.719999313354492,108167000,INTC
2025-01-31,19.43000030517578,20.329999923706055,19.3799991607666,20.100000381469727,117474900,INTC
2025-02-03,19.3799991607666,19.75,18.780000686645508,18.969999313354492,77523100,INTC
2025-02-04,19.290000915527344,19.530000686645508,19.020000457763672,19.100000381469727,54098200,INTC
2025-02-05,19.649999618530273,19.770000457763672,18.90999984741211,19.190000534057617,66059200,INTC
2025-02-06,19.3799991607666,19.700000762939453,19.219999313354492,19.510000228881836,45553800,INTC
2025-02-07,19.100000381469727,19.360000610351562,19.030000686645508,19.350000381469727,58277900,INTC
2025-02-10,19.770000457763672,20.079999923706055,19.239999771118164,19.25,73007300,INTC
2025-02-11,20.969999313354492,21.8799991607666,19.860000610351562,19.8700008392334,150960700,INTC
2025-02-12,22.479999542236328,22.559999465942383,20.93000030517578,21.979999542236328,162631200,INTC
2025-02-13,24.1299991607666,24.829999923706055,22.790000915527344,22.84000015258789,248661300,INTC
2025-02-14,23.600000381469727,25.190000534057617,22.860000610351562,24.360000610351562,230254100,INTC
2025-02-18,27.389999389648438,27.549999237060547,24.489999771118164,24.600000381469727,284292200,INTC
2025-02-19,25.719999313354492,26.329999923706055,25.459999084472656,25.979999542236328,151881700,INTC
2025-02-20,26.09000015258789,26.1200008392334,24.479999542236328,25.559999465942383,144939600,INTC
2025-02-21,24.8700008392334,26.290000915527344,24.84000015258789,25.959999084472656,111630900,INTC
2025-02-24,24.270000457763672,24.799999237060547,23.6200008392334,24.549999237060547,91358100,INTC
2025-02-25,22.989999771118164,24.280000686645508,22.770000457763672,24.209999084472656,88886500,INTC
2025-02-26,23.520000457763672,23.81999969482422,23.209999084472656,23.25,67449300,INTC
2025-02-27,23.09000015258789,24.399999618530273,23.06999969482422,23.700000762939453,97871900,INTC
2025-02-28,23.729999542236328,24.440000534057617,22.639999389648438,23.020000457763672,104133800,INTC
2025-03-03,22.739999771118164,25.040000915527344,22.520000457763672,25.0,141348700,INTC
2025-03-04,21.329999923706055,22.6299991607666,20.760000228881836,22.540000915527344,152182200,INTC
2025-03-05,20.809999465942383,21.360000610351562,20.18000030517578,21.329999923706055,127219300,INTC
2025-03-06,20.75,21.1299991607666,20.0,20.260000228881836,96466400,INTC
2025-03-07,20.639999389648438,21.200000762939453,20.110000610351562,20.270000457763672,81099600,INTC
2025-03-10,19.93000030517578,20.510000228881836,19.649999618530273,20.239999771118164,82760600,INTC
2025-03-11,19.780000686645508,20.059999465942383,19.290000915527344,19.969999313354492,80789000,INTC
2025-03-12,20.68000030517578,21.170000076293945,20.209999084472656,20.790000915527344,128671100,INTC
2025-03-13,23.700000762939453,24.530000686645508,23.1299991607666,23.5,243261000,INTC
2025-03-14,24.049999237060547,24.3700008392334,23.520000457763672,23.68000030517578,116901600,INTC
2025-03-17,25.690000534057617,26.149999618530273,24.3700008392334,24.420000076293945,160723600,INTC
2025-03-18,25.920000076293945,26.40999984741211,25.389999389648438,25.549999237060547,132488800,INTC
2025-03-19,24.1200008392334,25.229999542236328,24.030000686645508,24.899999618530273,135491400,INTC
2025-03-20,23.959999084472656,24.309999465942383,23.729999542236328,23.770000457763672,68937600,INTC
2025-03-21,24.260000228881836,24.700000762939453,23.489999771118164,23.600000381469727,94110700,INTC
2025-03-24,24.219999313354492,24.989999771118164,24.1299991607666,24.719999313354492,69169000,INTC
2025-03-25,24.200000762939453,24.75,24.110000610351562,24.18000030517578,51743300,INTC
2025-03-26,23.420000076293945,24.420000076293945,23.25,24.25,59496700,INTC
2025-03-27,23.6200008392334,23.760000228881836,22.860000610351562,23.290000915527344,57720600,INTC
2025-03-28,22.709999084472656,23.579999923706055,22.559999465942383,23.350000381469727,58365300,INTC
2025-03-31,22.709999084472656,22.75,21.75,22.3799991607666,65832000,INTC
